TODO,LOC,TODO/LOC,FILE
5,602,0.83%,AK/HashTable.h
1,193,0.52%,AK/OwnPtr.h
14,620,2.26%,AK/URLParser.cpp
2,382,0.52%,AK/DeprecatedString.cpp
1,163,0.61%,AK/LexicalPath.cpp
1,259,0.39%,AK/JsonValue.h
1,113,0.88%,AK/Singleton.h
11,771,1.43%,AK/UFixedBigInt.h
4,377,1.06%,AK/URL.cpp
1,126,0.79%,AK/Concepts.h
1,109,0.92%,AK/FPControl.h
1,231,0.43%,AK/Utf16View.cpp
7,681,1.03%,AK/Math.h
1,361,0.28%,AK/Atomic.h
4,1765,0.23%,AK/FloatingPointStringConversions.cpp
1,82,1.22%,AK/String.h
1,245,0.41%,AK/Complex.h
7,540,1.30%,AK/PrintfImplementation.h
1,509,0.20%,AK/RedBlackTree.h
3,178,1.69%,AK/CheckedFormatString.h
1,160,0.62%,AK/NonnullOwnPtr.h
1,146,0.68%,AK/FileStream.h
2,256,0.78%,AK/IPv6Address.h
2,306,0.65%,AK/DistinctNumeric.h
2,199,1.01%,AK/StringBuilder.cpp
1,231,0.43%,AK/NonnullRefPtr.h
3,629,0.48%,AK/Format.h
5,26,19.23%,AK/Assertions.h
1,233,0.43%,AK/Function.h
2,67,2.99%,AK/Statistics.h
1,581,0.17%,AK/StdLibExtraDetails.h
1,93,1.08%,AK/CircularDuplexStream.h
1,149,0.67%,AK/Buffered.h
1,295,0.34%,AK/JsonParser.cpp
2,509,0.39%,AK/StringUtils.cpp
1,299,0.33%,AK/RefPtr.h
3,376,0.80%,AK/DisjointChunks.h
1,74,1.35%,AK/NumberFormat.h
1,135,0.74%,AK/Error.h
5,221,2.26%,AK/MemoryStream.h
1,745,0.13%,AK/Vector.h
1,288,0.35%,AK/StringView.h
1,151,0.66%,AK/FixedArray.h
1,60,1.67%,AK/Memory.h
6,808,0.74%,AK/Format.cpp
1,76,1.32%,AK/SIMDMath.h
1,166,0.60%,AK/Platform.h
6,338,1.78%,AK/FixedPoint.h
1,101,0.99%,AK/SourceGenerator.h
2,14,14.29%,Ports/pkgconf/package.sh
1,37,2.70%,Ports/lite-xl/package.sh
1,22,4.55%,Ports/glib/package.sh
1,14,7.14%,Ports/libvorbis/package.sh
1,14,7.14%,Ports/acpica-tools/package.sh
1,81,1.23%,Ports/ncurses/package.sh
1,25,4.00%,Ports/serenity-theming/package.sh
1,17,5.88%,Ports/jq/package.sh
1,810,0.12%,Ports/.port_include.sh
1,181,0.55%,Tests/LibWeb/TestHTMLTokenizer.cpp
1,349,0.29%,Tests/AK/TestChecked.cpp
7,73,9.59%,Tests/AK/TestFixedArray.cpp
1,318,0.31%,Tests/AK/TestJSON.cpp
1,260,0.38%,Tests/AK/TestHashTable.cpp
1,45,2.22%,Tests/AK/TestByteBuffer.cpp
1,509,0.20%,Tests/AK/TestFloatingPointParsing.cpp
1,252,0.40%,Tests/AK/TestDistinctNumeric.cpp
2,301,0.66%,Tests/AK/TestFormat.cpp
1,129,0.78%,Tests/AK/TestFixedPoint.cpp
8,353,2.27%,Tests/LibJS/test-test262.cpp
8,675,1.19%,Tests/LibJS/test262-runner.cpp
1,114,0.88%,Tests/LibJS/test-bytecode-js.cpp
1,44,2.27%,Tests/LibThreading/TestThread.cpp
1,409,0.24%,Tests/LibCore/TestLibCoreStream.cpp
1,31,3.23%,Tests/LibC/TestAbort.cpp
1,85,1.18%,Tests/LibC/TestMkDir.cpp
1,437,0.23%,Tests/LibC/TestWchar.cpp
1,387,0.26%,Tests/LibC/TestStrtodAccuracy.cpp
2,264,0.76%,Tests/LibC/TestMath.cpp
1,230,0.43%,Tests/LibWasm/test-wasm.cpp
2,409,0.49%,Tests/LibCrypto/TestAES.cpp
3,127,2.36%,Tests/LibCrypto/TestASN1.cpp
1,99,1.01%,Tests/LibTLS/TestTLSHandshake.cpp
1,148,0.68%,Tests/LibLocale/TestDateTimeFormat.cpp
1,50,2.00%,Tests/LibTTF/TestCmap.cpp
1,51,1.96%,Tests/LibAudio/TestFLACSpec.cpp
1,892,0.11%,Tests/LibSQL/TestSqlStatementExecution.cpp
3,528,0.57%,Tests/LibSQL/TestSqlExpressionParser.cpp
3,49,6.12%,Tests/LibGfx/BenchmarkGfxPainter.cpp
7,118,5.93%,Tests/LibGfx/TestImageDecoder.cpp
2,133,1.50%,Tests/Kernel/fuzz-syscalls.cpp
2,81,2.47%,Tests/Kernel/TestMemoryDeviceMmap.cpp
1,118,0.85%,Tests/Kernel/kill-pidtid-confusion.cpp
4,291,1.37%,Tests/Kernel/crash.cpp
3,74,4.05%,Tests/Kernel/nanosleep-race-outbuf-munmap.cpp
1,308,0.32%,Meta/Lagom/Tools/ConfigureComponents/main.cpp
30,2280,1.32%,Meta/Lagom/Tools/CodeGenerators/LibWeb/BindingsGenerator/IDLGenerators.cpp
1,511,0.20%,Meta/Lagom/Tools/CodeGenerators/LibWeb/GenerateCSSPropertyID.cpp
9,246,3.66%,Meta/Lagom/Tools/CodeGenerators/LibWeb/GenerateWindowOrWorkerInterfaces.cpp
2,489,0.41%,Meta/Lagom/Tools/CodeGenerators/LibUnicode/GeneratorUtil.h
4,1132,0.35%,Meta/Lagom/Tools/CodeGenerators/LibUnicode/GenerateUnicodeData.cpp
1,243,0.41%,Meta/Lagom/Tools/CodeGenerators/LibLocale/GenerateRelativeTimeFormatData.cpp
9,1397,0.64%,Meta/Lagom/Tools/CodeGenerators/LibLocale/GenerateLocaleData.cpp
1,1921,0.05%,Meta/Lagom/Tools/CodeGenerators/LibLocale/GenerateDateTimeFormatData.cpp
2,520,0.38%,Meta/Lagom/Tools/CodeGenerators/LibLocale/GeneratePluralRulesData.cpp
1,908,0.11%,Meta/Lagom/Tools/CodeGenerators/LibLocale/GenerateNumberFormatData.cpp
2,717,0.28%,Meta/Lagom/Tools/CodeGenerators/IPCCompiler/main.cpp
3,643,0.47%,Meta/Lagom/Tools/CodeGenerators/LibTimeZone/GenerateTimeZoneData.cpp
1,462,0.22%,Meta/Lagom/Tools/CodeGenerators/LibGL/GenerateGLAPIWrapper.cpp
1,20,5.00%,Meta/Lagom/Fuzzers/FuzzCSSParser.cpp
1,32,3.12%,Meta/Lagom/Fuzzers/FuzzGIFLoader.cpp
1,328,0.30%,Meta/Lagom/Wasm/js_repl.cpp
1,78,1.28%,Meta/Lagom/BuildFuzzers.sh
1,421,0.24%,Meta/Websites/serenityos.org/happy/2nd/index.html
2,52,3.85%,Meta/debug-kernel.sh
1,507,0.20%,Meta/serenity.sh
1,181,0.55%,Meta/build-root-filesystem.sh
2,456,0.44%,Meta/run.sh
1,59,1.69%,Meta/analyze-qemu-coverage.sh
1,103,0.97%,Meta/build-manpages-website.sh
1,51,1.96%,Base/root/generate_manpages.sh
1,1230,0.08%,Base/res/js/Spreadsheet/runtime.js
1,73,1.37%,Base/res/html/misc/pseudo-elements.html
1,480,0.21%,Base/res/html/misc/display-grid.html
3,20,15.00%,Base/res/html/misc/vertical-align.html
1,57,1.75%,Base/res/html/misc/private-element-test.html
1,205,0.49%,Userland/Demos/Cube/Cube.cpp
1,85,1.18%,Userland/Demos/CatDog/main.cpp
1,93,1.08%,Userland/Demos/Screensaver/Screensaver.cpp
5,59,8.47%,Userland/Demos/ModelGallery/GalleryWidget.cpp
6,96,6.25%,Userland/Demos/LibGfxScaleDemo/main.cpp
14,263,5.32%,Userland/Demos/WidgetGallery/GalleryWidget.cpp
5,168,2.98%,Userland/Demos/WidgetGallery/GalleryModels.h
5,60,8.33%,Userland/Demos/WidgetGallery/DemoWizardDialog.cpp
2,403,0.50%,Userland/Demos/Mandelbrot/Mandelbrot.cpp
2,186,1.08%,Userland/Demos/Fire/Fire.cpp
3,169,1.78%,Userland/Demos/LibGfxDemo/main.cpp
3,279,1.08%,Userland/Utilities/markdown-check.cpp
1,95,1.05%,Userland/Utilities/uniq.cpp
8,655,1.22%,Userland/Utilities/headless-browser.cpp
1,68,1.47%,Userland/Utilities/bt.cpp
1,99,1.01%,Userland/Utilities/profile.cpp
1,128,0.78%,Userland/Utilities/unzip.cpp
5,630,0.79%,Userland/Utilities/readelf.cpp
5,330,1.52%,Userland/Utilities/pro.cpp
2,482,0.41%,Userland/Utilities/less.cpp
1,172,0.58%,Userland/Utilities/lspci.cpp
1,74,1.35%,Userland/Utilities/gzip.cpp
1,62,1.61%,Userland/Utilities/date.cpp
1,103,0.97%,Userland/Utilities/aplay.cpp
1,107,0.93%,Userland/Utilities/pmemdump.cpp
4,148,2.70%,Userland/Utilities/functrace.cpp
1,130,0.77%,Userland/Utilities/disasm.cpp
1,109,0.92%,Userland/Utilities/tail.cpp
1,95,1.05%,Userland/Utilities/mktemp.cpp
1,27,3.70%,Userland/Utilities/fdtdump.cpp
1,118,0.85%,Userland/Utilities/test-bindtodevice.cpp
11,827,1.33%,Userland/Utilities/strace.cpp
1,759,0.13%,Userland/Utilities/js.cpp
1,52,1.92%,Userland/Utilities/mknod.cpp
1,130,0.77%,Userland/Utilities/test-imap.cpp
3,122,2.46%,Userland/Utilities/cal.cpp
2,250,0.80%,Userland/Utilities/ntpquery.cpp
1,78,1.28%,Userland/Utilities/passwd.cpp
1,159,0.63%,Userland/Utilities/file.cpp
3,347,0.86%,Userland/Utilities/run-tests.cpp
1,226,0.44%,Userland/Utilities/tar.cpp
1,90,1.11%,Userland/Utilities/man.cpp
1,556,0.18%,Userland/Utilities/stty.cpp
2,49,4.08%,Userland/Libraries/LibSoftGPU/Buffer/FrameBuffer.h
3,165,1.82%,Userland/Libraries/LibSoftGPU/Image.cpp
1,12,8.33%,Userland/Libraries/LibSoftGPU/ShaderCompiler.cpp
1,29,3.45%,Userland/Libraries/LibSoftGPU/Config.h
5,372,1.34%,Userland/Libraries/LibSoftGPU/PixelConverter.cpp
12,1421,0.84%,Userland/Libraries/LibSoftGPU/Device.cpp
4,190,2.11%,Userland/Libraries/LibSoftGPU/Sampler.cpp
2,144,1.39%,Userland/Libraries/LibSoftGPU/Clipper.cpp
1,116,0.86%,Userland/Libraries/LibXML/DOM/DocumentTypeDeclaration.h
7,1350,0.52%,Userland/Libraries/LibXML/Parser/Parser.cpp
1,10,10.00%,Userland/Libraries/LibXML/FundamentalTypes.h
1,110,0.91%,Userland/Libraries/LibLine/SuggestionManager.h
2,426,0.47%,Userland/Libraries/LibLine/Editor.h
3,475,0.63%,Userland/Libraries/LibLine/InternalFunctions.cpp
7,1878,0.37%,Userland/Libraries/LibLine/Editor.cpp
3,363,0.83%,Userland/Libraries/LibWeb/Loader/FrameLoader.cpp
3,325,0.92%,Userland/Libraries/LibWeb/Loader/ResourceLoader.cpp
3,162,1.85%,Userland/Libraries/LibWeb/Loader/Resource.cpp
1,134,0.75%,Userland/Libraries/LibWeb/Loader/ImageLoader.cpp
11,217,5.07%,Userland/Libraries/LibWeb/Bindings/LocationObject.cpp
8,178,4.49%,Userland/Libraries/LibWeb/Bindings/LegacyPlatformObject.cpp
1,56,1.79%,Userland/Libraries/LibWeb/Bindings/CSSNamespace.cpp
2,38,5.26%,Userland/Libraries/LibWeb/Bindings/MainThreadVM.h
1,33,3.03%,Userland/Libraries/LibWeb/Bindings/PlatformObject.h
14,265,5.28%,Userland/Libraries/LibWeb/Bindings/MainThreadVM.cpp
2,105,1.90%,Userland/Libraries/LibWeb/ReferrerPolicy/AbstractOperations.cpp
2,233,0.86%,Userland/Libraries/LibWeb/URL/URL.cpp
23,403,5.71%,Userland/Libraries/LibWeb/WebAssembly/WebAssemblyObject.cpp
1,67,1.49%,Userland/Libraries/LibWeb/WebAssembly/WebAssemblyInstanceObject.cpp
1,60,1.67%,Userland/Libraries/LibWeb/WebAssembly/WebAssemblyObject.h
2,14,14.29%,Userland/Libraries/LibWeb/Tests/DOM/document.documentElement.js
3,31,9.68%,Userland/Libraries/LibWeb/Tests/DOM/Element.js
1,13,7.69%,Userland/Libraries/LibWeb/Tests/DOM/Comment.js
1,12,8.33%,Userland/Libraries/LibWeb/Tests/DOM/document.createComment.js
1,13,7.69%,Userland/Libraries/LibWeb/Tests/DOM/Text.js
1,12,8.33%,Userland/Libraries/LibWeb/Tests/DOM/document.createTextNode.js
1,52,1.92%,Userland/Libraries/LibWeb/Tests/DOM/Node.js
1,10,10.00%,Userland/Libraries/LibWeb/Tests/DOM/document.createDocumentFragment.js
7,35,20.00%,Userland/Libraries/LibWeb/Tests/HTML/document.body.js
1,18,5.56%,Userland/Libraries/LibWeb/Tests/HTML/HTMLTemplateElement.js
2,14,14.29%,Userland/Libraries/LibWeb/Tests/HTML/document.head.js
1,92,1.09%,Userland/Libraries/LibWeb/Crypto/Crypto.cpp
2,65,3.08%,Userland/Libraries/LibWeb/Crypto/SubtleCrypto.cpp
4,33,12.12%,Userland/Libraries/LibWeb/IntersectionObserver/IntersectionObserver.cpp
2,37,5.41%,Userland/Libraries/LibWeb/Layout/BlockContainer.cpp
1,328,0.30%,Userland/Libraries/LibWeb/Layout/LayoutState.cpp
3,237,1.27%,Userland/Libraries/LibWeb/Layout/InlineLevelIterator.cpp
7,687,1.02%,Userland/Libraries/LibWeb/Layout/BlockFormattingContext.cpp
2,73,2.74%,Userland/Libraries/LibWeb/Layout/SVGFormattingContext.cpp
2,33,6.06%,Userland/Libraries/LibWeb/Layout/FrameBox.cpp
30,1476,2.03%,Userland/Libraries/LibWeb/Layout/FlexFormattingContext.cpp
2,273,0.73%,Userland/Libraries/LibWeb/Layout/TableFormattingContext.cpp
52,911,5.71%,Userland/Libraries/LibWeb/Layout/GridFormattingContext.cpp
5,437,1.14%,Userland/Libraries/LibWeb/Layout/TreeBuilder.cpp
19,926,2.05%,Userland/Libraries/LibWeb/Layout/FormattingContext.cpp
1,36,2.78%,Userland/Libraries/LibWeb/Layout/LayoutPosition.cpp
2,268,0.75%,Userland/Libraries/LibWeb/Layout/InlineFormattingContext.cpp
5,552,0.91%,Userland/Libraries/LibWeb/Layout/Node.cpp
1,43,2.33%,Userland/Libraries/LibWeb/Layout/Box.cpp
4,247,1.62%,Userland/Libraries/LibWeb/Layout/LineBuilder.cpp
1,83,1.20%,Userland/Libraries/LibWeb/Layout/ImageBox.cpp
1,76,1.32%,Userland/Libraries/LibWeb/Layout/SVGSVGBox.cpp
34,785,4.33%,Userland/Libraries/LibWeb/DOM/Element.cpp
2,144,1.39%,Userland/Libraries/LibWeb/DOM/ParentNode.cpp
1,76,1.32%,Userland/Libraries/LibWeb/DOM/Range.h
1,34,2.94%,Userland/Libraries/LibWeb/DOM/HTMLCollection.h
2,116,1.72%,Userland/Libraries/LibWeb/DOM/MutationObserver.cpp
6,230,2.61%,Userland/Libraries/LibWeb/DOM/EventDispatcher.cpp
75,1561,4.80%,Userland/Libraries/LibWeb/DOM/Document.cpp
1,79,1.27%,Userland/Libraries/LibWeb/DOM/CharacterData.cpp
1,128,0.78%,Userland/Libraries/LibWeb/DOM/Event.h
1,173,0.58%,Userland/Libraries/LibWeb/DOM/DOMTokenList.cpp
1,31,3.23%,Userland/Libraries/LibWeb/DOM/AbortSignal.h
24,986,2.43%,Userland/Libraries/LibWeb/DOM/Node.cpp
1,26,3.85%,Userland/Libraries/LibWeb/DOM/LiveNodeList.h
2,85,2.35%,Userland/Libraries/LibWeb/DOM/DOMImplementation.cpp
1,525,0.19%,Userland/Libraries/LibWeb/DOM/Node.h
2,59,3.39%,Userland/Libraries/LibWeb/DOM/Attr.cpp
2,192,1.04%,Userland/Libraries/LibWeb/DOM/NamedNodeMap.cpp
14,394,3.55%,Userland/Libraries/LibWeb/DOM/EventTarget.cpp
8,269,2.97%,Userland/Libraries/LibWeb/DOM/ElementFactory.cpp
2,38,5.26%,Userland/Libraries/LibWeb/HighResolutionTime/TimeOrigin.cpp
35,203,17.24%,Userland/Libraries/LibWeb/HTML/EventLoop/EventLoop.cpp
3,71,4.23%,Userland/Libraries/LibWeb/HTML/Scripting/WindowEnvironmentSettingsObject.cpp
3,45,6.67%,Userland/Libraries/LibWeb/HTML/Scripting/WorkerEnvironmentSettingsObject.h
10,265,3.77%,Userland/Libraries/LibWeb/HTML/Scripting/Environments.cpp
1,89,1.12%,Userland/Libraries/LibWeb/HTML/Scripting/Environments.h
19,259,7.34%,Userland/Libraries/LibWeb/HTML/Scripting/Fetching.cpp
5,80,6.25%,Userland/Libraries/LibWeb/HTML/Scripting/ClassicScript.cpp
9,83,10.84%,Userland/Libraries/LibWeb/HTML/Scripting/ModuleScript.cpp
1,86,1.16%,Userland/Libraries/LibWeb/HTML/Canvas/CanvasPath.cpp
2,54,3.70%,Userland/Libraries/LibWeb/HTML/Canvas/CanvasFillStrokeStyles.h
1,2272,0.04%,Userland/Libraries/LibWeb/HTML/Parser/Entities.cpp
6,227,2.64%,Userland/Libraries/LibWeb/HTML/Parser/HTMLEncodingDetection.cpp
71,2867,2.48%,Userland/Libraries/LibWeb/HTML/Parser/HTMLParser.cpp
1,75,1.33%,Userland/Libraries/LibWeb/HTML/Parser/ListOfActiveFormattingElements.cpp
7,2636,0.27%,Userland/Libraries/LibWeb/HTML/Parser/HTMLTokenizer.cpp
3,25,12.00%,Userland/Libraries/LibWeb/HTML/CrossOrigin/Reporting.cpp
1,158,0.63%,Userland/Libraries/LibWeb/HTML/CrossOrigin/AbstractOperations.cpp
1,17,5.88%,Userland/Libraries/LibWeb/HTML/NavigatorLanguage.h
5,277,1.81%,Userland/Libraries/LibWeb/HTML/HTMLHyperlinkElementUtils.cpp
3,134,2.24%,Userland/Libraries/LibWeb/HTML/WindowProxy.cpp
40,1289,3.10%,Userland/Libraries/LibWeb/HTML/Window.cpp
1,138,0.72%,Userland/Libraries/LibWeb/HTML/HTMLImageElement.cpp
2,25,8.00%,Userland/Libraries/LibWeb/HTML/SessionHistoryEntry.h
3,29,10.34%,Userland/Libraries/LibWeb/HTML/Navigator.h
1,265,0.38%,Userland/Libraries/LibWeb/HTML/HTMLTableElement.cpp
10,134,7.46%,Userland/Libraries/LibWeb/HTML/BrowsingContextContainer.cpp
1,55,1.82%,Userland/Libraries/LibWeb/HTML/WorkerGlobalScope.h
3,57,5.26%,Userland/Libraries/LibWeb/HTML/EventNames.h
8,79,10.13%,Userland/Libraries/LibWeb/HTML/MessagePort.cpp
2,64,3.12%,Userland/Libraries/LibWeb/HTML/HTMLBaseElement.cpp
1,74,1.35%,Userland/Libraries/LibWeb/HTML/WorkerLocation.cpp
2,32,6.25%,Userland/Libraries/LibWeb/HTML/NavigationParams.h
2,36,5.56%,Userland/Libraries/LibWeb/HTML/ErrorEvent.h
1,120,0.83%,Userland/Libraries/LibWeb/HTML/DOMStringMap.cpp
4,70,5.71%,Userland/Libraries/LibWeb/HTML/History.cpp
1,166,0.60%,Userland/Libraries/LibWeb/HTML/HTMLLinkElement.cpp
12,190,6.32%,Userland/Libraries/LibWeb/HTML/HTMLObjectElement.cpp
2,44,4.55%,Userland/Libraries/LibWeb/HTML/HTMLAnchorElement.cpp
3,164,1.83%,Userland/Libraries/LibWeb/HTML/HTMLCanvasElement.cpp
1,42,2.38%,Userland/Libraries/LibWeb/HTML/HTMLTemplateElement.cpp
3,91,3.30%,Userland/Libraries/LibWeb/HTML/Storage.cpp
3,43,6.98%,Userland/Libraries/LibWeb/HTML/DOMParser.cpp
19,328,5.79%,Userland/Libraries/LibWeb/HTML/CanvasRenderingContext2D.cpp
27,302,8.94%,Userland/Libraries/LibWeb/HTML/HTMLScriptElement.cpp
1,12,8.33%,Userland/Libraries/LibWeb/HTML/NavigatorOnLine.h
1,156,0.64%,Userland/Libraries/LibWeb/HTML/HTMLFormElement.cpp
1,24,4.17%,Userland/Libraries/LibWeb/HTML/NavigatorID.cpp
10,217,4.61%,Userland/Libraries/LibWeb/HTML/HTMLElement.cpp
11,561,1.96%,Userland/Libraries/LibWeb/HTML/HTMLInputElement.cpp
9,95,9.47%,Userland/Libraries/LibWeb/HTML/WorkerGlobalScope.cpp
14,105,13.33%,Userland/Libraries/LibWeb/HTML/HTMLIFrameElement.cpp
17,143,11.89%,Userland/Libraries/LibWeb/HTML/Focus.cpp
28,141,19.86%,Userland/Libraries/LibWeb/HTML/Worker.cpp
1,20,5.00%,Userland/Libraries/LibWeb/HTML/StructuredSerialize.h
1,54,1.85%,Userland/Libraries/LibWeb/HTML/CanvasGradient.cpp
5,108,4.63%,Userland/Libraries/LibWeb/HTML/StructuredSerialize.cpp
64,857,7.47%,Userland/Libraries/LibWeb/HTML/BrowsingContext.cpp
2,64,3.12%,Userland/Libraries/LibWeb/HTML/HTMLButtonElement.cpp
2,12,16.67%,Userland/Libraries/LibWeb/HTML/PolicyContainers.h
1,22,4.55%,Userland/Libraries/LibWeb/HTML/EventHandler.h
9,99,9.09%,Userland/Libraries/LibWeb/HTML/HTMLStyleElement.cpp
3,78,3.85%,Userland/Libraries/LibWeb/HTML/Origin.h
4,79,5.06%,Userland/Libraries/LibWeb/HTML/FormAssociatedElement.cpp
2,97,2.06%,Userland/Libraries/LibWeb/HTML/HTMLOptionElement.cpp
1,30,3.33%,Userland/Libraries/LibWeb/HTML/HTMLMediaElement.cpp
7,166,4.22%,Userland/Libraries/LibWeb/FileAPI/Blob.cpp
1,28,3.57%,Userland/Libraries/LibWeb/UIEvents/EventNames.h
1,54,1.85%,Userland/Libraries/LibWeb/UIEvents/MouseEvent.h
2,115,1.74%,Userland/Libraries/LibWeb/UIEvents/KeyboardEvent.cpp
3,86,3.49%,Userland/Libraries/LibWeb/XHR/XMLHttpRequest.h
1,29,3.45%,Userland/Libraries/LibWeb/XHR/ProgressEvent.h
20,443,4.51%,Userland/Libraries/LibWeb/XHR/XMLHttpRequest.cpp
1,259,0.39%,Userland/Libraries/LibWeb/Cookie/ParsedCookie.cpp
1,75,1.33%,Userland/Libraries/LibWeb/Painting/MarkerPaintable.cpp
4,90,4.44%,Userland/Libraries/LibWeb/Painting/FilterPainting.cpp
4,257,1.56%,Userland/Libraries/LibWeb/Painting/GradientPainting.cpp
2,66,3.03%,Userland/Libraries/LibWeb/Painting/Paintable.cpp
5,315,1.59%,Userland/Libraries/LibWeb/Painting/BorderPainting.cpp
1,31,3.23%,Userland/Libraries/LibWeb/Painting/LabelablePaintable.h
1,49,2.04%,Userland/Libraries/LibWeb/Painting/ImagePaintable.cpp
2,36,5.56%,Userland/Libraries/LibWeb/Painting/CanvasPaintable.cpp
1,18,5.56%,Userland/Libraries/LibWeb/Painting/ProgressPaintable.h
10,599,1.67%,Userland/Libraries/LibWeb/Painting/PaintableBox.cpp
1,270,0.37%,Userland/Libraries/LibWeb/Painting/BackgroundPainting.cpp
3,115,2.61%,Userland/Libraries/LibWeb/Painting/InlinePaintable.cpp
1,100,1.00%,Userland/Libraries/LibWeb/Painting/PaintContext.cpp
11,508,2.17%,Userland/Libraries/LibWeb/Painting/StackingContext.cpp
7,281,2.49%,Userland/Libraries/LibWeb/Painting/ShadowPainting.cpp
1,37,2.70%,Userland/Libraries/LibWeb/WebDriver/Response.h
8,215,3.72%,Userland/Libraries/LibWeb/WebDriver/Capabilities.cpp
1,50,2.00%,Userland/Libraries/LibWeb/WebDriver/Screenshot.cpp
4,270,1.48%,Userland/Libraries/LibWeb/WebDriver/Client.cpp
13,222,5.86%,Userland/Libraries/LibWeb/WebDriver/ExecuteScript.cpp
5,246,2.03%,Userland/Libraries/LibWeb/WebGL/WebGLRenderingContextBase.cpp
1,6,16.67%,Userland/Libraries/LibWeb/WebGL/Types.h
1,44,2.27%,Userland/Libraries/LibWeb/WebGL/WebGLRenderingContext.cpp
60,890,6.74%,Userland/Libraries/LibWeb/Fetch/Fetching/Fetching.cpp
1,196,0.51%,Userland/Libraries/LibWeb/Fetch/Infrastructure/HTTP/Responses.cpp
1,182,0.55%,Userland/Libraries/LibWeb/Fetch/Infrastructure/HTTP/Responses.h
2,250,0.80%,Userland/Libraries/LibWeb/Fetch/Infrastructure/HTTP/Requests.cpp
4,451,0.89%,Userland/Libraries/LibWeb/Fetch/Infrastructure/HTTP/Headers.cpp
3,44,6.82%,Userland/Libraries/LibWeb/Fetch/Infrastructure/HTTP/Bodies.cpp
1,13,7.69%,Userland/Libraries/LibWeb/Fetch/Infrastructure/Task.cpp
3,49,6.12%,Userland/Libraries/LibWeb/Fetch/Infrastructure/FetchController.cpp
1,38,2.63%,Userland/Libraries/LibWeb/Fetch/Infrastructure/FetchController.h
1,48,2.08%,Userland/Libraries/LibWeb/Fetch/Infrastructure/FetchParams.h
3,320,0.94%,Userland/Libraries/LibWeb/Fetch/Request.cpp
6,73,8.22%,Userland/Libraries/LibWeb/Fetch/BodyInit.cpp
5,102,4.90%,Userland/Libraries/LibWeb/Fetch/FetchMethod.cpp
6,111,5.41%,Userland/Libraries/LibWeb/Fetch/Body.cpp
4,158,2.53%,Userland/Libraries/LibWeb/Fetch/Response.cpp
1,182,0.55%,Userland/Libraries/LibWeb/Fetch/Headers.cpp
1,43,2.33%,Userland/Libraries/LibWeb/Platform/FontPluginSerenity.cpp
1,37,2.70%,Userland/Libraries/LibWeb/Encoding/TextDecoder.cpp
4,33,12.12%,Userland/Libraries/LibWeb/ResizeObserver/ResizeObserver.cpp
10,156,6.41%,Userland/Libraries/LibWeb/XML/XMLDocumentBuilder.cpp
8,413,1.94%,Userland/Libraries/LibWeb/DOMParsing/XMLSerializer.cpp
1,37,2.70%,Userland/Libraries/LibWeb/DOMParsing/InnerHTML.cpp
8,71,11.27%,Userland/Libraries/LibWeb/SVG/SVGLineElement.cpp
1,26,3.85%,Userland/Libraries/LibWeb/SVG/SVGLength.cpp
8,82,9.76%,Userland/Libraries/LibWeb/SVG/SVGEllipseElement.cpp
4,344,1.16%,Userland/Libraries/LibWeb/SVG/AttributeParser.cpp
2,47,4.26%,Userland/Libraries/LibWeb/SVG/SVGSVGElement.cpp
6,67,8.96%,Userland/Libraries/LibWeb/SVG/SVGGraphicsElement.cpp
12,140,8.57%,Userland/Libraries/LibWeb/SVG/SVGRectElement.cpp
6,70,8.57%,Userland/Libraries/LibWeb/SVG/SVGCircleElement.cpp
1,49,2.04%,Userland/Libraries/LibWeb/SVG/ViewBox.cpp
1,64,1.56%,Userland/Libraries/LibWeb/SVG/SVGForeignObjectElement.cpp
2,126,1.59%,Userland/Libraries/LibWeb/CSS/SyntaxHighlighter/SyntaxHighlighter.cpp
36,5652,0.64%,Userland/Libraries/LibWeb/CSS/Parser/Parser.cpp
6,760,0.79%,Userland/Libraries/LibWeb/CSS/Parser/Tokenizer.cpp
14,245,5.71%,Userland/Libraries/LibWeb/CSS/CSSStyleDeclaration.cpp
1,83,1.20%,Userland/Libraries/LibWeb/CSS/MediaList.cpp
2,371,0.54%,Userland/Libraries/LibWeb/CSS/ComputedValues.h
1,254,0.39%,Userland/Libraries/LibWeb/CSS/Selector.h
2,165,1.21%,Userland/Libraries/LibWeb/CSS/GridTrackSize.h
6,55,10.91%,Userland/Libraries/LibWeb/CSS/CSSFontFaceRule.cpp
4,429,0.93%,Userland/Libraries/LibWeb/CSS/MediaQuery.cpp
5,86,5.81%,Userland/Libraries/LibWeb/CSS/CSSStyleSheet.cpp
1,42,2.38%,Userland/Libraries/LibWeb/CSS/CSSImportRule.h
2,75,2.67%,Userland/Libraries/LibWeb/CSS/CSSImportRule.cpp
4,366,1.09%,Userland/Libraries/LibWeb/CSS/SelectorEngine.cpp
5,1561,0.32%,Userland/Libraries/LibWeb/CSS/StyleValue.h
7,285,2.46%,Userland/Libraries/LibWeb/CSS/Selector.cpp
1,66,1.52%,Userland/Libraries/LibWeb/CSS/Size.h
9,60,15.00%,Userland/Libraries/LibWeb/CSS/CSSStyleRule.cpp
2,27,7.41%,Userland/Libraries/LibWeb/CSS/FontFace.h
5,2290,0.22%,Userland/Libraries/LibWeb/CSS/StyleValue.cpp
3,134,2.24%,Userland/Libraries/LibWeb/CSS/CSSRuleList.cpp
1,203,0.49%,Userland/Libraries/LibWeb/CSS/Length.cpp
31,1198,2.59%,Userland/Libraries/LibWeb/CSS/StyleComputer.cpp
8,538,1.49%,Userland/Libraries/LibWeb/CSS/ResolvedCSSStyleDeclaration.cpp
7,614,1.14%,Userland/Libraries/LibWeb/CSS/StyleProperties.cpp
1,146,0.68%,Userland/Libraries/LibWeb/MimeSniff/MimeType.cpp
18,199,9.05%,Userland/Libraries/LibWeb/WebIDL/OverloadResolution.cpp
1,120,0.83%,Userland/Libraries/LibWeb/WebIDL/DOMException.h
5,70,7.14%,Userland/Libraries/LibWeb/WebIDL/AbstractOperations.h
3,69,4.35%,Userland/Libraries/LibWeb/WebIDL/AbstractOperations.cpp
1,267,0.37%,Userland/Libraries/LibWeb/Selection/Selection.cpp
8,182,4.40%,Userland/Libraries/LibWeb/WebSockets/WebSocket.cpp
4,89,4.49%,Userland/Libraries/LibWeb/Page/EditEventHandler.cpp
19,639,2.97%,Userland/Libraries/LibWeb/Page/EventHandler.cpp
1,164,0.61%,Userland/Libraries/LibWeb/Page/Page.h
1,617,0.16%,Userland/Libraries/LibWeb/Dump.cpp
3,967,0.31%,Userland/Libraries/LibEDID/EDID.cpp
11,822,1.34%,Userland/Libraries/LibCodeComprehension/Cpp/CppComprehensionEngine.cpp
1,165,0.61%,Userland/Libraries/LibCodeComprehension/Cpp/CppComprehensionEngine.h
5,26,19.23%,Userland/Libraries/LibCodeComprehension/Cpp/ConnectionFromClient.h
5,27,18.52%,Userland/Libraries/LibCodeComprehension/Shell/ConnectionFromClient.h
6,32,18.75%,Userland/Libraries/LibCodeComprehension/CodeComprehensionEngine.cpp
5,43,11.63%,Userland/Libraries/LibCodeComprehension/CodeComprehensionEngine.h
2,99,2.02%,Userland/Libraries/LibCodeComprehension/Types.h
15,521,2.88%,Userland/Libraries/LibWebSocket/WebSocket.cpp
2,34,5.88%,Userland/Libraries/LibWebSocket/Message.h
2,134,1.49%,Userland/Libraries/LibDSP/Track.cpp
1,49,2.04%,Userland/Libraries/LibDSP/Clip.h
1,37,2.70%,Userland/Libraries/LibDSP/Transport.h
1,157,0.64%,Userland/Libraries/LibDSP/ProcessorParameter.h
1,26,3.85%,Userland/Libraries/LibDSP/Clip.cpp
1,79,1.27%,Userland/Libraries/LibDSP/Track.h
1,331,0.30%,Userland/Libraries/LibJS/Heap/Heap.cpp
2,96,2.08%,Userland/Libraries/LibJS/Tests/builtins/Intl/Segmenter/Segmenter.prototype.segment.js
2,501,0.40%,Userland/Libraries/LibJS/Tests/builtins/Intl/DateTimeFormat/DateTimeFormat.prototype.formatRangeToParts.js
1,437,0.23%,Userland/Libraries/LibJS/Tests/builtins/Intl/DateTimeFormat/DateTimeFormat.prototype.format.js
2,189,1.06%,Userland/Libraries/LibJS/Tests/builtins/Intl/DateTimeFormat/DateTimeFormat.prototype.formatRange.js
1,22,4.55%,Userland/Libraries/LibJS/Tests/builtins/Symbol/Symbol.keyFor.js
1,50,2.00%,Userland/Libraries/LibJS/Tests/builtins/Function/Function.js
1,84,1.19%,Userland/Libraries/LibJS/Tests/builtins/Temporal/TimeZone/TimeZone.js
1,39,2.56%,Userland/Libraries/LibJS/Tests/builtins/Temporal/Now/Now.plainTimeISO.js
1,97,1.03%,Userland/Libraries/LibJS/Tests/builtins/Temporal/Duration/Duration.from.js
2,47,4.26%,Userland/Libraries/LibJS/Tests/builtins/Proxy/Proxy.handler-ownKeys.js
1,49,2.04%,Userland/Libraries/LibJS/Tests/builtins/Array/Array.prototype.splice.js
1,39,2.56%,Userland/Libraries/LibJS/Tests/builtins/Array/Array.prototype.slice.js
1,6,16.67%,Userland/Libraries/LibJS/Tests/builtins/RegExp/RegExp.prototype.source.js
1,103,0.97%,Userland/Libraries/LibJS/Tests/builtins/TypedArray/TypedArray.prototype.set.js
1,201,0.50%,Userland/Libraries/LibJS/Tests/operators/delete-basic.js
1,34,2.94%,Userland/Libraries/LibJS/Tests/syntax/optional-chaining.js
1,19,5.26%,Userland/Libraries/LibJS/Tests/syntax/slash-after-block.js
3,534,0.56%,Userland/Libraries/LibJS/Tests/test-common.js
1,57,1.75%,Userland/Libraries/LibJS/Tests/parseInt.js
1,45,2.22%,Userland/Libraries/LibJS/Tests/exponentiation-basic.js
1,345,0.29%,Userland/Libraries/LibJS/Tests/test-common-tests.js
1,43,2.33%,Userland/Libraries/LibJS/Tests/numeric-literals-basic.js
3,35,8.57%,Userland/Libraries/LibJS/Contrib/Test262/AgentObject.cpp
1,148,0.68%,Userland/Libraries/LibJS/Bytecode/Pass/MergeBlocks.cpp
8,122,6.56%,Userland/Libraries/LibJS/Bytecode/Pass/LoadElimination.cpp
2,51,3.92%,Userland/Libraries/LibJS/Bytecode/Pass/UnifySameBlocks.cpp
2,1073,0.19%,Userland/Libraries/LibJS/Bytecode/Op.cpp
41,1923,2.13%,Userland/Libraries/LibJS/Bytecode/ASTCodegen.cpp
1,209,0.48%,Userland/Libraries/LibJS/Bytecode/Generator.h
4,267,1.50%,Userland/Libraries/LibJS/Bytecode/Generator.cpp
1,92,1.09%,Userland/Libraries/LibJS/Bytecode/Interpreter.h
2,50,4.00%,Userland/Libraries/LibJS/Bytecode/BasicBlock.cpp
2,98,2.04%,Userland/Libraries/LibJS/Runtime/Intl/Segmenter.cpp
1,152,0.66%,Userland/Libraries/LibJS/Runtime/Intl/RelativeTimeFormat.cpp
8,1093,0.73%,Userland/Libraries/LibJS/Runtime/Intl/NumberFormat.cpp
1,53,1.89%,Userland/Libraries/LibJS/Runtime/Intl/CollatorCompareFunction.cpp
4,687,0.58%,Userland/Libraries/LibJS/Runtime/Intl/DateTimeFormat.cpp
1,331,0.30%,Userland/Libraries/LibJS/Runtime/Intl/DurationFormat.cpp
1,67,1.49%,Userland/Libraries/LibJS/Runtime/Intl/Locale.h
1,304,0.33%,Userland/Libraries/LibJS/Runtime/Intl/MathematicalValue.cpp
3,298,1.01%,Userland/Libraries/LibJS/Runtime/Temporal/TimeZone.cpp
2,846,0.24%,Userland/Libraries/LibJS/Runtime/Temporal/Duration.cpp
1,512,0.20%,Userland/Libraries/LibJS/Runtime/Temporal/Calendar.cpp
1,975,0.10%,Userland/Libraries/LibJS/Runtime/Temporal/AbstractOperations.cpp
1,341,0.29%,Userland/Libraries/LibJS/Runtime/ErrorTypes.h
5,134,3.73%,Userland/Libraries/LibJS/Runtime/ShadowRealm.cpp
1,25,4.00%,Userland/Libraries/LibJS/Runtime/FunctionPrototype.h
1,142,0.70%,Userland/Libraries/LibJS/Runtime/Reference.cpp
2,240,0.83%,Userland/Libraries/LibJS/Runtime/AtomicsObject.cpp
1,349,0.29%,Userland/Libraries/LibJS/Runtime/TypedArray.cpp
2,141,1.42%,Userland/Libraries/LibJS/Runtime/GeneratorObject.cpp
1,31,3.23%,Userland/Libraries/LibJS/Runtime/ModuleEnvironment.h
2,497,0.40%,Userland/Libraries/LibJS/Runtime/RegExpPrototype.cpp
1,194,0.52%,Userland/Libraries/LibJS/Runtime/ObjectPrototype.cpp
1,31,3.23%,Userland/Libraries/LibJS/Runtime/ValueTraits.h
1,39,2.56%,Userland/Libraries/LibJS/Runtime/ShadowRealmConstructor.cpp
1,98,1.02%,Userland/Libraries/LibJS/Runtime/ArgumentsObject.cpp
4,75,5.33%,Userland/Libraries/LibJS/Runtime/ArrayBufferPrototype.cpp
1,120,0.83%,Userland/Libraries/LibJS/Runtime/Reference.h
1,79,1.27%,Userland/Libraries/LibJS/Runtime/ModuleEnvironment.cpp
1,320,0.31%,Userland/Libraries/LibJS/Runtime/Intrinsics.cpp
1,1293,0.08%,Userland/Libraries/LibJS/Runtime/Value.cpp
1,34,2.94%,Userland/Libraries/LibJS/Runtime/Set.cpp
1,103,0.97%,Userland/Libraries/LibJS/Runtime/PromiseJobs.cpp
5,61,8.20%,Userland/Libraries/LibJS/Runtime/Completion.cpp
1,57,1.75%,Userland/Libraries/LibJS/Runtime/ArrayIteratorPrototype.cpp
1,218,0.46%,Userland/Libraries/LibJS/Runtime/VM.h
4,777,0.51%,Userland/Libraries/LibJS/Runtime/Object.cpp
7,184,3.80%,Userland/Libraries/LibJS/Runtime/ArrayBuffer.h
1,39,2.56%,Userland/Libraries/LibJS/Runtime/ExecutionContext.h
1,280,0.36%,Userland/Libraries/LibJS/Runtime/NumberPrototype.cpp
7,690,1.01%,Userland/Libraries/LibJS/Runtime/VM.cpp
2,90,2.22%,Userland/Libraries/LibJS/Runtime/ObjectEnvironment.cpp
1,53,1.89%,Userland/Libraries/LibJS/Runtime/RegExpObject.h
4,366,1.09%,Userland/Libraries/LibJS/Runtime/Date.cpp
1,31,3.23%,Userland/Libraries/LibJS/Runtime/ModuleNamespaceObject.h
1,242,0.41%,Userland/Libraries/LibJS/Runtime/DateConstructor.cpp
5,668,0.75%,Userland/Libraries/LibJS/Runtime/AbstractOperations.cpp
1,203,0.49%,Userland/Libraries/LibJS/Runtime/PropertyKey.h
1,114,0.88%,Userland/Libraries/LibJS/Runtime/NativeFunction.cpp
2,139,1.44%,Userland/Libraries/LibJS/Runtime/FunctionConstructor.cpp
1,1195,0.08%,Userland/Libraries/LibJS/Runtime/ArrayPrototype.cpp
1,93,1.08%,Userland/Libraries/LibJS/Runtime/Error.cpp
2,152,1.32%,Userland/Libraries/LibJS/Runtime/Array.cpp
1,298,0.34%,Userland/Libraries/LibJS/Runtime/SetPrototype.cpp
1,38,2.63%,Userland/Libraries/LibJS/Runtime/PrivateEnvironment.cpp
1,822,0.12%,Userland/Libraries/LibJS/Runtime/StringPrototype.cpp
2,71,2.82%,Userland/Libraries/LibJS/Runtime/ArrayBuffer.cpp
1,58,1.72%,Userland/Libraries/LibJS/Runtime/BoundFunction.cpp
2,284,0.70%,Userland/Libraries/LibJS/Runtime/ObjectConstructor.cpp
2,61,3.28%,Userland/Libraries/LibJS/Runtime/BigIntConstructor.cpp
4,942,0.42%,Userland/Libraries/LibJS/Runtime/TypedArrayPrototype.cpp
2,313,0.64%,Userland/Libraries/LibJS/Runtime/TypedArray.h
3,108,2.78%,Userland/Libraries/LibJS/Runtime/FunctionPrototype.cpp
1,188,0.53%,Userland/Libraries/LibJS/Runtime/RegExpObject.cpp
4,568,0.70%,Userland/Libraries/LibJS/Runtime/ECMAScriptFunctionObject.cpp
1,28,3.57%,Userland/Libraries/LibJS/Runtime/WrappedFunction.h
3,324,0.93%,Userland/Libraries/LibJS/CyclicModule.cpp
1,67,1.49%,Userland/Libraries/LibJS/Module.cpp
1,93,1.08%,Userland/Libraries/LibJS/SourceCode.cpp
7,3114,0.22%,Userland/Libraries/LibJS/AST.cpp
3,926,0.32%,Userland/Libraries/LibJS/Print.cpp
3,425,0.71%,Userland/Libraries/LibJS/Console.cpp
7,3851,0.18%,Userland/Libraries/LibJS/Parser.cpp
3,221,1.36%,Userland/Libraries/LibJS/MarkupGenerator.cpp
1,77,1.30%,Userland/Libraries/LibJS/SyntheticModule.cpp
10,338,2.96%,Userland/Libraries/LibJS/SourceTextModule.cpp
5,84,5.95%,Userland/Libraries/LibJS/Interpreter.cpp
2,109,1.83%,Userland/Libraries/LibThreading/Thread.cpp
2,72,2.78%,Userland/Libraries/LibThreading/Mutex.h
2,294,0.68%,Userland/Libraries/LibChess/UCICommand.cpp
3,208,1.44%,Userland/Libraries/LibChess/UCICommand.h
2,269,0.74%,Userland/Libraries/LibSanitizer/UBSanitizer.cpp
3,119,2.52%,Userland/Libraries/LibTest/Macros.h
2,518,0.39%,Userland/Libraries/LibTest/JavaScriptTestRunner.h
2,89,2.25%,Userland/Libraries/LibPDF/Fonts/PDFFont.cpp
1,78,1.28%,Userland/Libraries/LibPDF/Fonts/Type1Font.cpp
4,78,5.13%,Userland/Libraries/LibPDF/Fonts/Type0Font.cpp
2,63,3.17%,Userland/Libraries/LibPDF/Fonts/TrueTypeFont.cpp
1,519,0.19%,Userland/Libraries/LibPDF/Fonts/PS1FontProgram.cpp
5,624,0.80%,Userland/Libraries/LibPDF/DocumentParser.cpp
3,277,1.08%,Userland/Libraries/LibPDF/ColorSpace.cpp
9,642,1.40%,Userland/Libraries/LibPDF/Encoding.h
9,235,3.83%,Userland/Libraries/LibPDF/Filter.cpp
3,282,1.06%,Userland/Libraries/LibPDF/Document.cpp
1,209,0.48%,Userland/Libraries/LibPDF/Document.h
21,773,2.72%,Userland/Libraries/LibPDF/Renderer.cpp
3,262,1.15%,Userland/Libraries/LibPDF/Encryption.cpp
1,468,0.21%,Userland/Libraries/LibPDF/Parser.cpp
3,242,1.24%,Userland/Libraries/LibHTTP/HttpRequest.cpp
4,521,0.77%,Userland/Libraries/LibHTTP/Job.cpp
2,346,0.58%,Userland/Libraries/LibCpp/Preprocessor.cpp
2,170,1.18%,Userland/Libraries/LibCpp/Parser.h
1,88,1.14%,Userland/Libraries/LibCpp/SyntaxHighlighter.cpp
12,1436,0.84%,Userland/Libraries/LibCpp/Parser.cpp
2,143,1.40%,Userland/Libraries/LibCpp/SemanticSyntaxHighlighter.cpp
1,50,2.00%,Userland/Libraries/LibVT/CharacterSet.h
8,1117,0.72%,Userland/Libraries/LibVT/TerminalWidget.cpp
1,118,0.85%,Userland/Libraries/LibVT/Line.cpp
11,1447,0.76%,Userland/Libraries/LibVT/Terminal.cpp
1,308,0.32%,Userland/Libraries/LibVT/Terminal.h
2,135,1.48%,Userland/Libraries/LibDesktop/AppFile.cpp
2,101,1.98%,Userland/Libraries/LibDesktop/Launcher.cpp
2,163,1.23%,Userland/Libraries/LibCore/SharedCircularQueue.h
4,1323,0.30%,Userland/Libraries/LibCore/System.cpp
1,729,0.14%,Userland/Libraries/LibCore/ArgsParser.cpp
1,141,0.71%,Userland/Libraries/LibCore/Group.cpp
1,278,0.36%,Userland/Libraries/LibCore/IODevice.cpp
4,275,1.45%,Userland/Libraries/LibCore/Account.cpp
2,246,0.81%,Userland/Libraries/LibCore/Object.cpp
1,194,0.52%,Userland/Libraries/LibCore/FileWatcher.cpp
1,85,1.18%,Userland/Libraries/LibCore/Directory.cpp
1,36,2.78%,Userland/Libraries/LibCore/SecretString.cpp
1,164,0.61%,Userland/Libraries/LibCore/MimeData.cpp
3,185,1.62%,Userland/Libraries/LibCore/MemoryStream.cpp
2,194,1.03%,Userland/Libraries/LibCore/InputBitStream.h
1,101,0.99%,Userland/Libraries/LibCore/TCPServer.cpp
1,46,2.17%,Userland/Libraries/LibCore/Proxy.h
1,94,1.06%,Userland/Libraries/LibCore/File.h
4,747,0.54%,Userland/Libraries/LibCore/Stream.h
5,784,0.64%,Userland/Libraries/LibCore/EventLoop.cpp
2,96,2.08%,Userland/Libraries/LibC/sys/mman.cpp
1,11,9.09%,Userland/Libraries/LibC/sys/ptrace.h
1,41,2.44%,Userland/Libraries/LibC/arch/x86_64/memset.cpp
1,580,0.17%,Userland/Libraries/LibC/malloc.cpp
1,12,8.33%,Userland/Libraries/LibC/fnmatch.cpp
2,19,10.53%,Userland/Libraries/LibC/priority.cpp
1,69,1.45%,Userland/Libraries/LibC/setjmp.h
4,656,0.61%,Userland/Libraries/LibC/pthread.cpp
2,136,1.47%,Userland/Libraries/LibC/termios.cpp
9,969,0.93%,Userland/Libraries/LibC/math.cpp
2,385,0.52%,Userland/Libraries/LibC/string.cpp
9,200,4.50%,Userland/Libraries/LibC/fenv.cpp
2,72,2.78%,Userland/Libraries/LibC/dlfcn.cpp
1,96,1.04%,Userland/Libraries/LibC/search.cpp
1,8,12.50%,Userland/Libraries/LibC/paths.h
4,20,20.00%,Userland/Libraries/LibC/glob.cpp
2,552,0.36%,Userland/Libraries/LibC/scanf.cpp
1,711,0.14%,Userland/Libraries/LibC/netdb.cpp
2,34,5.88%,Userland/Libraries/LibC/ulimit.cpp
1,14,7.14%,Userland/Libraries/LibC/resolv.cpp
4,30,13.33%,Userland/Libraries/LibC/mntent.cpp
1,101,0.99%,Userland/Libraries/LibC/pthread_cond.cpp
1,261,0.38%,Userland/Libraries/LibC/shadow.cpp
9,1094,0.82%,Userland/Libraries/LibC/stdio.cpp
1,227,0.44%,Userland/Libraries/LibC/spawn.cpp
6,224,2.68%,Userland/Libraries/LibC/wstdio.cpp
1,224,0.45%,Userland/Libraries/LibC/signal.cpp
4,944,0.42%,Userland/Libraries/LibC/stdlib.cpp
7,866,0.81%,Userland/Libraries/LibC/unistd.cpp
1,114,0.88%,Userland/Libraries/LibC/pthread.h
18,529,3.40%,Userland/Libraries/LibC/wchar.cpp
3,426,0.70%,Userland/Libraries/LibC/time.cpp
1,157,0.64%,Userland/Libraries/LibCompress/Deflate.h
1,175,0.57%,Userland/Libraries/LibCompress/Gzip.cpp
4,756,0.53%,Userland/Libraries/LibCompress/Deflate.cpp
1,769,0.13%,Userland/Libraries/LibCompress/Brotli.cpp
2,118,1.69%,Userland/Libraries/LibCompress/Zlib.cpp
4,387,1.03%,Userland/Libraries/LibWasm/AbstractMachine/Operators.h
1,493,0.20%,Userland/Libraries/LibWasm/AbstractMachine/AbstractMachine.h
3,511,0.59%,Userland/Libraries/LibWasm/AbstractMachine/AbstractMachine.cpp
2,1819,0.11%,Userland/Libraries/LibWasm/AbstractMachine/Validator.cpp
8,833,0.96%,Userland/Libraries/LibWasm/Types.h
1,556,0.18%,Userland/Libraries/LibMarkdown/Text.cpp
2,209,0.96%,Userland/Libraries/LibMarkdown/Table.cpp
1,56,1.79%,Userland/Libraries/LibMarkdown/CommentBlock.cpp
1,297,0.34%,Userland/Libraries/LibVirtGPU/CommandBufferBuilder.cpp
1,78,1.28%,Userland/Libraries/LibVirtGPU/Device.h
1,250,0.40%,Userland/Libraries/LibUnicode/Normalize.cpp
2,525,0.38%,Userland/Libraries/LibUnicode/CharacterTypes.cpp
3,190,1.58%,Userland/Libraries/LibCrypto/BigFraction/BigFraction.cpp
1,39,2.56%,Userland/Libraries/LibCrypto/BigFraction/BigFraction.h
2,128,1.56%,Userland/Libraries/LibCrypto/PK/Code/EMSA_PSS.h
5,313,1.60%,Userland/Libraries/LibCrypto/PK/RSA.cpp
1,38,2.63%,Userland/Libraries/LibCrypto/PK/PK.h
1,205,0.49%,Userland/Libraries/LibCrypto/BigInt/Algorithms/BitwiseOperations.cpp
1,272,0.37%,Userland/Libraries/LibCrypto/BigInt/SignedBigInteger.cpp
1,52,1.92%,Userland/Libraries/LibCrypto/ASN1/PEM.cpp
4,161,2.48%,Userland/Libraries/LibCrypto/ASN1/ASN1.cpp
5,324,1.54%,Userland/Libraries/LibCrypto/Hash/SHA2.cpp
1,189,0.53%,Userland/Libraries/LibCrypto/Hash/SHA2.h
2,181,1.10%,Userland/Libraries/LibCrypto/NumberTheory/ModularFunctions.cpp
1,98,1.02%,Userland/Libraries/LibCrypto/Authentication/HMAC.h
4,159,2.52%,Userland/Libraries/LibCrypto/Cipher/Mode/CTR.h
3,84,3.57%,Userland/Libraries/LibCrypto/Cipher/Mode/Mode.h
2,101,1.98%,Userland/Libraries/LibCrypto/Cipher/Mode/CBC.h
1,112,0.89%,Userland/Libraries/LibCrypto/Cipher/Mode/GCM.h
1,327,0.31%,Userland/Libraries/LibCrypto/Cipher/AES.cpp
1,94,1.06%,Userland/Libraries/LibCrypto/Cipher/Cipher.h
1,301,0.33%,Userland/Libraries/LibCrypto/Curves/SECP256r1.cpp
2,129,1.55%,Userland/Libraries/LibArchive/Tar.h
9,168,5.36%,Userland/Libraries/LibArchive/Zip.cpp
1,54,1.85%,Userland/Libraries/LibArchive/Tar.cpp
1,248,0.40%,Userland/Libraries/LibArchive/Zip.h
3,299,1.00%,Userland/Libraries/LibCoredump/Reader.cpp
1,133,0.75%,Userland/Libraries/LibCoredump/Backtrace.cpp
2,130,1.54%,Userland/Libraries/LibSyntax/Highlighter.h
1,162,0.62%,Userland/Libraries/LibFileSystemAccessClient/Client.cpp
2,133,1.50%,Userland/Libraries/LibIPC/Connection.h
2,208,0.96%,Userland/Libraries/LibIPC/Connection.cpp
1,57,1.75%,Userland/Libraries/LibIPC/ConnectionFromClient.h
1,86,1.16%,Userland/Libraries/LibTLS/HandshakeCertificate.cpp
5,343,1.46%,Userland/Libraries/LibTLS/HandshakeServer.cpp
5,459,1.09%,Userland/Libraries/LibTLS/Handshake.cpp
3,87,3.45%,Userland/Libraries/LibTLS/TLSPacketBuilder.h
1,439,0.23%,Userland/Libraries/LibTLS/Record.cpp
8,415,1.93%,Userland/Libraries/LibTLS/TLSv12.cpp
7,349,2.01%,Userland/Libraries/LibTLS/HandshakeClient.cpp
3,261,1.15%,Userland/Libraries/LibTLS/Socket.cpp
2,748,0.27%,Userland/Libraries/LibLocale/Locale.cpp
1,173,0.58%,Userland/Libraries/LibIMAP/Objects.cpp
6,61,9.84%,Userland/Libraries/LibIMAP/QuotedPrintable.cpp
6,129,4.65%,Userland/Libraries/LibPartition/MBRPartitionTable.cpp
2,122,1.64%,Userland/Libraries/LibPartition/GUIDPartitionTable.cpp
9,149,6.04%,Userland/Libraries/LibIDL/Types.cpp
7,872,0.80%,Userland/Libraries/LibIDL/IDLParser.cpp
3,312,0.96%,Userland/Libraries/LibIDL/Types.h
4,143,2.80%,Userland/Libraries/LibDNS/Packet.cpp
1,130,0.77%,Userland/Libraries/LibAudio/ConnectionToServer.cpp
1,88,1.14%,Userland/Libraries/LibAudio/MP3Types.h
2,115,1.74%,Userland/Libraries/LibAudio/Sample.h
1,268,0.37%,Userland/Libraries/LibAudio/WavLoader.cpp
9,707,1.27%,Userland/Libraries/LibAudio/FlacLoader.cpp
2,82,2.44%,Userland/Libraries/LibAudio/WavWriter.cpp
1,743,0.13%,Userland/Libraries/LibAudio/MP3Loader.cpp
1,58,1.72%,Userland/Libraries/LibAudio/ConnectionToServer.h
1,231,0.43%,Userland/Libraries/LibVideo/VP9/Context.h
8,587,1.36%,Userland/Libraries/LibVideo/VP9/TreeParser.cpp
1,91,1.10%,Userland/Libraries/LibVideo/VP9/TreeParser.h
1,135,0.74%,Userland/Libraries/LibVideo/VP9/BitStream.cpp
10,1107,0.90%,Userland/Libraries/LibVideo/VP9/Decoder.cpp
7,1429,0.49%,Userland/Libraries/LibVideo/VP9/Parser.cpp
1,99,1.01%,Userland/Libraries/LibVideo/VP9/Utilities.h
1,186,0.54%,Userland/Libraries/LibVideo/Color/ColorConverter.cpp
6,887,0.68%,Userland/Libraries/LibVideo/Containers/Matroska/Reader.cpp
1,71,1.41%,Userland/Libraries/LibVideo/Containers/Matroska/MatroskaDemuxer.cpp
1,203,0.49%,Userland/Libraries/LibVideo/Containers/Matroska/Document.h
1,34,2.94%,Userland/Libraries/LibVideo/Containers/Matroska/MatroskaDemuxer.h
1,33,3.03%,Userland/Libraries/LibVideo/Sample.h
1,285,0.35%,Userland/Libraries/LibVideo/PlaybackManager.cpp
1,58,1.72%,Userland/Libraries/LibProtocol/WebSocket.cpp
2,122,1.64%,Userland/Libraries/LibProtocol/Request.cpp
1,120,0.83%,Userland/Libraries/LibConfig/Client.cpp
36,2327,1.55%,Userland/Libraries/LibX86/Instruction.cpp
1,40,2.50%,Userland/Libraries/LibWebView/StylePropertiesModel.h
2,675,0.30%,Userland/Libraries/LibWebView/OutOfProcessWebView.cpp
11,187,5.88%,Userland/Libraries/LibWebView/DOMTreeModel.cpp
2,56,3.57%,Userland/Libraries/LibWebView/DOMTreeModel.h
1,84,1.19%,Userland/Libraries/LibWebView/RequestServerAdapter.cpp
1,232,0.43%,Userland/Libraries/LibWebView/WebContentClient.cpp
1,317,0.32%,Userland/Libraries/LibSQL/AST/Lexer.cpp
1,210,0.48%,Userland/Libraries/LibSQL/AST/Expression.cpp
1,114,0.88%,Userland/Libraries/LibSQL/AST/Select.cpp
1,18,5.56%,Userland/Libraries/LibSQL/AST/Statement.cpp
15,867,1.73%,Userland/Libraries/LibSQL/AST/Parser.cpp
1,29,3.45%,Userland/Libraries/LibSQL/AST/Delete.cpp
1,194,0.52%,Userland/Libraries/LibSQL/BTreeIterator.cpp
5,198,2.53%,Userland/Libraries/LibSQL/Database.cpp
1,748,0.13%,Userland/Libraries/LibSQL/Value.cpp
1,37,2.70%,Userland/Libraries/LibSQL/Row.h
2,403,0.50%,Userland/Libraries/LibSQL/HashIndex.cpp
3,230,1.30%,Userland/Libraries/LibSQL/Heap.cpp
11,536,2.05%,Userland/Libraries/LibGfx/Font/OpenType/Font.cpp
1,138,0.72%,Userland/Libraries/LibGfx/Font/OpenType/Cmap.cpp
12,338,3.55%,Userland/Libraries/LibGfx/Font/OpenType/Glyf.cpp
6,71,8.45%,Userland/Libraries/LibGfx/Font/ScaledFont.h
1,126,0.79%,Userland/Libraries/LibGfx/Font/Font.h
2,366,0.55%,Userland/Libraries/LibGfx/Font/BitmapFont.cpp
2,123,1.63%,Userland/Libraries/LibGfx/Font/PathRasterizer.cpp
1,232,0.43%,Userland/Libraries/LibGfx/Font/FontDatabase.cpp
1,72,1.39%,Userland/Libraries/LibGfx/Font/Emoji.cpp
1,239,0.42%,Userland/Libraries/LibGfx/Filters/StackBlurFilter.cpp
6,116,5.17%,Userland/Libraries/LibGfx/Filters/GenericConvolutionFilter.h
1,71,1.41%,Userland/Libraries/LibGfx/Matrix4x4.h
15,603,2.49%,Userland/Libraries/LibGfx/AntiAliasingPainter.cpp
1,45,2.22%,Userland/Libraries/LibGfx/Quad.h
2,58,3.45%,Userland/Libraries/LibGfx/StylePainter.h
6,554,1.08%,Userland/Libraries/LibGfx/Bitmap.cpp
1,271,0.37%,Userland/Libraries/LibGfx/SystemTheme.h
1,820,0.12%,Userland/Libraries/LibGfx/PNGLoader.cpp
1,49,2.04%,Userland/Libraries/LibGfx/TextLayout.h
2,1185,0.17%,Userland/Libraries/LibGfx/BMPLoader.cpp
1,883,0.11%,Userland/Libraries/LibGfx/DDSLoader.cpp
33,2113,1.56%,Userland/Libraries/LibGfx/Painter.cpp
1,223,0.45%,Userland/Libraries/LibGfx/ICOLoader.cpp
1,223,0.45%,Userland/Libraries/LibGfx/PortableImageLoaderCommon.h
1,316,0.32%,Userland/Libraries/LibGfx/Bitmap.h
4,520,0.77%,Userland/Libraries/LibGfx/ClassicStylePainter.cpp
4,140,2.86%,Userland/Libraries/LibGfx/Line.h
2,242,0.83%,Userland/Libraries/LibGfx/QOILoader.cpp
2,255,0.78%,Userland/Libraries/LibGfx/DisjointRectSet.h
2,207,0.97%,Userland/Libraries/LibGfx/ClassicWindowTheme.cpp
2,79,2.53%,Userland/Libraries/LibGfx/AntiAliasingPainter.h
2,178,1.12%,Userland/Libraries/LibGfx/TextLayout.cpp
3,150,2.00%,Userland/Libraries/LibGfx/QOIWriter.cpp
2,906,0.22%,Userland/Libraries/LibGfx/Rect.h
1,29,3.45%,Userland/Libraries/LibGfx/TextDirection.cpp
1,87,1.15%,Userland/Libraries/LibGfx/TextDirection.h
1,107,0.93%,Userland/Libraries/LibDebug/Dwarf/CompilationUnit.cpp
1,396,0.25%,Userland/Libraries/LibDebug/Dwarf/DwarfInfo.cpp
3,385,0.78%,Userland/Libraries/LibDebug/DebugInfo.cpp
1,51,1.96%,Userland/Libraries/LibDebug/ProcessInspector.cpp
6,379,1.58%,Userland/Libraries/LibDebug/DebugSession.cpp
4,255,1.57%,Userland/Libraries/LibDebug/DebugSession.h
1,24,4.17%,Userland/Libraries/LibGLSL/Linker.cpp
1,24,4.17%,Userland/Libraries/LibGLSL/LinkedShader.h
1,13,7.69%,Userland/Libraries/LibGLSL/Compiler.cpp
1,10,10.00%,Userland/Libraries/LibGLSL/ObjectFile.h
2,431,0.46%,Userland/Libraries/LibTextCodec/Decoder.cpp
1,82,1.22%,Userland/Libraries/LibGemini/Line.cpp
5,187,2.67%,Userland/Libraries/LibGemini/Job.cpp
3,521,0.58%,Userland/Libraries/LibELF/DynamicLinker.cpp
1,404,0.25%,Userland/Libraries/LibELF/Image.cpp
4,545,0.73%,Userland/Libraries/LibELF/DynamicLoader.cpp
5,465,1.08%,Userland/Libraries/LibELF/DynamicObject.cpp
1,678,0.15%,Userland/Libraries/LibRegex/RegexByteCode.h
1,911,0.11%,Userland/Libraries/LibRegex/RegexByteCode.cpp
7,2141,0.33%,Userland/Libraries/LibRegex/RegexParser.cpp
1,246,0.41%,Userland/Libraries/LibRegex/RegexMatcher.h
8,567,1.41%,Userland/Libraries/LibRegex/RegexMatch.h
2,431,0.46%,Userland/Libraries/LibRegex/RegexMatcher.cpp
6,811,0.74%,Userland/Libraries/LibRegex/RegexOptimizer.cpp
2,186,1.08%,Userland/Libraries/LibTimeZone/TimeZone.cpp
2,274,0.73%,Userland/Libraries/LibGUI/GML/AST.h
5,200,2.50%,Userland/Libraries/LibGUI/GML/AutocompleteProvider.cpp
3,101,2.97%,Userland/Libraries/LibGUI/ImageWidget.cpp
3,1115,0.27%,Userland/Libraries/LibGUI/Window.cpp
2,386,0.52%,Userland/Libraries/LibGUI/ColumnsView.cpp
4,251,1.59%,Userland/Libraries/LibGUI/FilePicker.cpp
2,685,0.29%,Userland/Libraries/LibGUI/TreeView.cpp
2,230,0.87%,Userland/Libraries/LibGUI/SortingProxyModel.cpp
1,53,1.89%,Userland/Libraries/LibGUI/ColumnsView.h
1,237,0.42%,Userland/Libraries/LibGUI/CommandPalette.cpp
1,105,0.95%,Userland/Libraries/LibGUI/LinkLabel.cpp
1,140,0.71%,Userland/Libraries/LibGUI/VimEditingEngine.h
3,386,0.78%,Userland/Libraries/LibGUI/HeaderView.cpp
5,163,3.07%,Userland/Libraries/LibGUI/AbstractThemePreview.cpp
3,140,2.14%,Userland/Libraries/LibGUI/Clipboard.cpp
1,1106,0.09%,Userland/Libraries/LibGUI/Widget.cpp
1,165,0.61%,Userland/Libraries/LibGUI/ValueSlider.cpp
4,629,0.64%,Userland/Libraries/LibGUI/ColorPicker.cpp
5,153,3.27%,Userland/Libraries/LibGUI/MessageBox.cpp
1,56,1.79%,Userland/Libraries/LibGUI/PasswordInputDialog.cpp
1,165,0.61%,Userland/Libraries/LibGUI/OpacitySlider.cpp
2,378,0.53%,Userland/Libraries/LibGUI/Widget.h
1,75,1.33%,Userland/Libraries/LibGUI/ConnectionToWindowManagerServer.cpp
1,83,1.20%,Userland/Libraries/LibGUI/ModelSelection.h
5,257,1.95%,Userland/Libraries/LibGUI/FileIconProvider.cpp
4,1304,0.31%,Userland/Libraries/LibGUI/VimEditingEngine.cpp
6,84,7.14%,Userland/Libraries/LibGUI/Variant.cpp
1,71,1.41%,Userland/Libraries/LibGUI/Notification.cpp
1,244,0.41%,Userland/Libraries/LibGUI/Button.cpp
4,1105,0.36%,Userland/Libraries/LibGUI/TextDocument.cpp
3,165,1.82%,Userland/Libraries/LibGUI/AutocompleteProvider.cpp
2,693,0.29%,Userland/Libraries/LibGUI/IconView.cpp
1,264,0.38%,Userland/Libraries/LibGUI/ComboBox.cpp
1,82,1.22%,Userland/Libraries/LibGUI/DragOperation.cpp
1,319,0.31%,Userland/Libraries/LibGUI/AbstractScrollableWidget.cpp
2,668,0.30%,Userland/Libraries/LibGUI/FileSystemModel.cpp
27,183,14.75%,Userland/Libraries/LibGUI/CommonActions.cpp
7,2035,0.34%,Userland/Libraries/LibGUI/TextEditor.cpp
1,338,0.30%,Userland/Libraries/LibGUI/ConnectionToWindowServer.cpp
1,312,0.32%,Userland/Libraries/LibGUI/BoxLayout.cpp
2,106,1.89%,Userland/Libraries/LibGUI/SpinBox.cpp
1,185,0.54%,Userland/Libraries/LibGUI/FontPicker.cpp
3,129,2.33%,Userland/Libraries/LibGUI/MultiView.cpp
3,686,0.44%,Userland/Libraries/LibGUI/AbstractView.cpp
1,211,0.47%,Userland/Libraries/LibGUI/EmojiInputDialog.cpp
2,122,1.64%,Userland/Libraries/LibGUI/JsonArrayModel.cpp
1,417,0.24%,Userland/Libraries/LibGUI/AbstractTableView.cpp
1,55,1.82%,Userland/Libraries/LibGPU/Driver.cpp
2,13,15.38%,Userland/Libraries/LibGPU/Config.h
2,177,1.13%,Userland/Libraries/LibCards/CardPainter.cpp
1,261,0.38%,Userland/Libraries/LibCards/CardStack.cpp
1,20,5.00%,Userland/Libraries/LibGL/Buffer/Buffer.h
1,40,2.50%,Userland/Libraries/LibGL/Tex/Texture2D.cpp
1,272,0.37%,Userland/Libraries/LibGL/Image.cpp
1,137,0.73%,Userland/Libraries/LibGL/List.cpp
12,844,1.42%,Userland/Libraries/LibGL/Texture.cpp
1,45,2.22%,Userland/Libraries/LibGL/ClipPlane.cpp
2,513,0.39%,Userland/Libraries/LibGL/GLContext.h
2,263,0.76%,Userland/Libraries/LibGL/Vertex.cpp
18,151,11.92%,Userland/Libraries/LibGL/Shader.cpp
19,766,2.48%,Userland/Libraries/LibGL/GLContext.cpp
1,84,1.19%,Userland/Libraries/LibGL/Buffer.cpp
1,608,0.16%,Userland/Libraries/LibGL/ContextParameter.cpp
2,89,2.25%,Userland/DevTools/Inspector/RemoteProcess.cpp
1,130,0.77%,Userland/DevTools/Inspector/main.cpp
4,81,4.94%,Userland/DevTools/Inspector/RemoteObjectGraphModel.cpp
1,180,0.56%,Userland/DevTools/Inspector/RemoteObjectPropertyModel.cpp
2,85,2.35%,Userland/DevTools/Profiler/SamplesModel.cpp
1,154,0.65%,Userland/DevTools/Profiler/FilesystemEventModel.cpp
1,24,4.17%,Userland/DevTools/Profiler/Gradient.cpp
2,162,1.23%,Userland/DevTools/Profiler/ProfileModel.cpp
5,317,1.58%,Userland/DevTools/Profiler/main.cpp
1,264,0.38%,Userland/DevTools/Profiler/Profile.h
4,529,0.76%,Userland/DevTools/Profiler/Profile.cpp
4,465,0.86%,Userland/DevTools/SQLStudio/MainWidget.cpp
2,112,1.79%,Userland/DevTools/HackStudio/Debugger/RegistersModel.cpp
1,36,2.78%,Userland/DevTools/HackStudio/Debugger/VariablesModel.h
1,249,0.40%,Userland/DevTools/HackStudio/Debugger/Debugger.cpp
6,151,3.97%,Userland/DevTools/HackStudio/Git/GitWidget.cpp
2,194,1.03%,Userland/DevTools/HackStudio/Git/DiffViewer.cpp
5,26,19.23%,Userland/DevTools/HackStudio/LanguageServers/Cpp/ConnectionFromClient.h
5,27,18.52%,Userland/DevTools/HackStudio/LanguageServers/Shell/ConnectionFromClient.h
1,132,0.76%,Userland/DevTools/HackStudio/LanguageServers/FileDB.cpp
4,20,20.00%,Userland/DevTools/HackStudio/ToDoEntriesWidget.h
1,64,1.56%,Userland/DevTools/HackStudio/Project.cpp
3,227,1.32%,Userland/DevTools/HackStudio/HackStudioWidget.h
8,232,3.45%,Userland/DevTools/HackStudio/LanguageClient.cpp
1,54,1.85%,Userland/DevTools/HackStudio/ProjectFile.cpp
11,1589,0.69%,Userland/DevTools/HackStudio/HackStudioWidget.cpp
14,97,14.43%,Userland/DevTools/HackStudio/ToDoEntriesWidget.cpp
7,45,15.56%,Userland/DevTools/HackStudio/ProjectDeclarations.cpp
1,108,0.93%,Userland/DevTools/HackStudio/EditorWrapper.cpp
3,138,2.17%,Userland/DevTools/HackStudio/LanguageClient.h
10,32,31.25%,Userland/DevTools/HackStudio/ToDoEntries.cpp
3,108,2.78%,Userland/DevTools/HackStudio/AutoCompleteResponse.h
2,667,0.30%,Userland/DevTools/HackStudio/Editor.cpp
7,25,28.00%,Userland/DevTools/HackStudio/ToDoEntries.h
2,156,1.28%,Userland/DevTools/UserspaceEmulator/RangeAllocator.cpp
12,277,4.33%,Userland/DevTools/UserspaceEmulator/MmapRegion.cpp
1,359,0.28%,Userland/DevTools/UserspaceEmulator/MallocTracer.cpp
215,2808,7.66%,Userland/DevTools/UserspaceEmulator/SoftCPU.cpp
2,137,1.46%,Userland/DevTools/UserspaceEmulator/SoftVPU.h
1,107,0.93%,Userland/DevTools/UserspaceEmulator/main.cpp
16,1455,1.10%,Userland/DevTools/UserspaceEmulator/Emulator_syscalls.cpp
31,307,10.10%,Userland/DevTools/UserspaceEmulator/SoftMMU.cpp
13,628,2.07%,Userland/DevTools/UserspaceEmulator/Emulator.cpp
108,1444,7.48%,Userland/DevTools/UserspaceEmulator/SoftFPU.cpp
5,468,1.07%,Userland/DevTools/UserspaceEmulator/SoftFPU.h
93,621,14.98%,Userland/DevTools/UserspaceEmulator/SoftVPU.cpp
2,123,1.63%,Userland/DevTools/UserspaceEmulator/SoftMMU.h
2,816,0.25%,Userland/Games/Hearts/Game.cpp
1,153,0.65%,Userland/Games/FlappyBug/Game.h
1,161,0.62%,Userland/Games/Flood/main.cpp
5,598,0.84%,Userland/Games/Chess/ChessWidget.cpp
1,159,0.63%,Userland/Games/Chess/main.cpp
1,278,0.36%,Userland/Games/MasterWord/WordGame.cpp
1,478,0.21%,Userland/Games/BrickGame/BrickGame.cpp
1,517,0.19%,Userland/Games/Minesweeper/Field.cpp
1,135,0.74%,Userland/Applets/ClipboardHistory/ClipboardHistoryModel.cpp
1,44,2.27%,Userland/Services/ChessEngine/MCTSTree.h
3,50,6.00%,Userland/Services/ChessEngine/ChessEngine.cpp
1,23,4.35%,Userland/Services/WebSocket/main.cpp
2,155,1.29%,Userland/Services/WindowServer/WMConnectionFromClient.cpp
12,937,1.28%,Userland/Services/WindowServer/Window.cpp
1,68,1.47%,Userland/Services/WindowServer/ScreenLayout.h
11,1938,0.57%,Userland/Services/WindowServer/WindowManager.cpp
1,347,0.29%,Userland/Services/WindowServer/MenuManager.cpp
1,83,1.20%,Userland/Services/WindowServer/MultiScaleBitmaps.cpp
3,305,0.98%,Userland/Services/WindowServer/Overlays.cpp
2,500,0.40%,Userland/Services/WindowServer/Screen.cpp
2,126,1.59%,Userland/Services/WindowServer/main.cpp
3,249,1.20%,Userland/Services/WindowServer/WindowSwitcher.cpp
2,152,1.32%,Userland/Services/WindowServer/AppletManager.cpp
2,59,3.39%,Userland/Services/WindowServer/Menubar.h
1,19,5.26%,Userland/Services/WindowServer/Menubar.cpp
4,808,0.50%,Userland/Services/WindowServer/WindowFrame.cpp
8,1407,0.57%,Userland/Services/WindowServer/Compositor.cpp
1,472,0.21%,Userland/Services/WindowServer/WindowManager.h
3,84,3.57%,Userland/Services/WindowServer/KeymapSwitcher.cpp
16,1218,1.31%,Userland/Services/WindowServer/ConnectionFromClient.cpp
5,273,1.83%,Userland/Services/ConfigServer/ConnectionFromClient.cpp
3,89,3.37%,Userland/Services/NetworkServer/main.cpp
1,103,0.97%,Userland/Services/WebContent/PageHost.h
1,32,3.12%,Userland/Services/WebContent/ImageCodecPluginSerenity.cpp
1,313,0.32%,Userland/Services/WebContent/PageHost.cpp
5,153,3.27%,Userland/Services/WebContent/WebContentConsoleClient.cpp
6,483,1.24%,Userland/Services/WebContent/ConnectionFromClient.cpp
42,899,4.67%,Userland/Services/WebContent/WebDriverConnection.cpp
1,89,1.12%,Userland/Services/WebServer/main.cpp
4,326,1.23%,Userland/Services/WebServer/Client.cpp
4,206,1.94%,Userland/Services/Taskbar/ClockWidget.cpp
2,99,2.02%,Userland/Services/Taskbar/ShutdownDialog.cpp
2,223,0.90%,Userland/Services/Taskbar/QuickLaunchWidget.cpp
2,322,0.62%,Userland/Services/DHCPClient/DHCPv4Client.cpp
1,133,0.75%,Userland/Services/FileSystemAccessServer/ConnectionFromClient.cpp
1,54,1.85%,Userland/Services/SystemServer/Service.h
5,336,1.49%,Userland/Services/SystemServer/Service.cpp
4,462,0.87%,Userland/Services/SystemServer/main.cpp
4,67,5.97%,Userland/Services/InspectorServer/InspectableProcess.cpp
1,26,3.85%,Userland/Services/InspectorServer/main.cpp
1,80,1.25%,Userland/Services/SQLServer/ConnectionFromClient.cpp
1,156,0.64%,Userland/Services/AudioServer/Mixer.cpp
1,78,1.28%,Userland/Services/WebDriver/Session.cpp
1,87,1.15%,Userland/Services/WebDriver/main.cpp
14,420,3.33%,Userland/Services/WebDriver/Client.cpp
12,248,4.84%,Userland/Services/SpiceAgent/SpiceAgent.cpp
1,62,1.61%,Userland/Services/SpiceAgent/ConnectionToClipboardServer.cpp
1,47,2.13%,Userland/Services/RequestServer/Request.h
1,41,2.44%,Userland/Services/RequestServer/Protocol.cpp
1,42,2.38%,Userland/Services/RequestServer/Request.cpp
2,44,4.55%,Userland/Services/RequestServer/main.cpp
1,133,0.75%,Userland/Services/NotificationServer/NotificationWindow.cpp
6,291,2.06%,Userland/Services/FileOperation/main.cpp
3,153,1.96%,Userland/Services/LookupServer/MulticastDNS.cpp
4,269,1.49%,Userland/Services/LookupServer/LookupServer.cpp
1,22,4.55%,Userland/Applications/CharacterMap/SearchCharacters.h
1,78,1.28%,Userland/Applications/CharacterMap/CharacterSearchWidget.cpp
5,161,3.11%,Userland/Applications/CharacterMap/CharacterMapWidget.cpp
1,151,0.66%,Userland/Applications/Browser/main.cpp
4,188,2.13%,Userland/Applications/Browser/ConsoleWidget.cpp
1,120,0.83%,Userland/Applications/Browser/Tab.h
1,110,0.91%,Userland/Applications/Browser/StorageWidget.cpp
2,652,0.31%,Userland/Applications/Browser/BrowserWindow.cpp
3,412,0.73%,Userland/Applications/Browser/CookieJar.cpp
1,177,0.56%,Userland/Applications/Browser/InspectorWidget.cpp
2,663,0.30%,Userland/Applications/Browser/Tab.cpp
5,271,1.85%,Userland/Applications/Debugger/main.cpp
3,517,0.58%,Userland/Applications/SystemMonitor/ProcessModel.cpp
1,522,0.19%,Userland/Applications/SystemMonitor/main.cpp
2,119,1.68%,Userland/Applications/SystemMonitor/MemoryStatsWidget.cpp
3,127,2.36%,Userland/Applications/SystemMonitor/NetworkStatisticsWidget.cpp
1,90,1.11%,Userland/Applications/Escalator/EscalatorWindow.cpp
1,80,1.25%,Userland/Applications/DisplaySettings/ThemesSettingsWidget.cpp
2,140,1.43%,Userland/Applications/DisplaySettings/BackgroundSettingsWidget.cpp
4,137,2.92%,Userland/Applications/DisplaySettings/MonitorWidget.cpp
2,250,0.80%,Userland/Applications/DisplaySettings/MonitorSettingsWidget.cpp
6,390,1.54%,Userland/Applications/Mail/MailWidget.cpp
3,90,3.33%,Userland/Applications/Mail/MailboxTreeModel.cpp
2,44,4.55%,Userland/Applications/Mail/AccountHolder.cpp
4,197,2.03%,Userland/Applications/Help/ManualModel.cpp
1,153,0.65%,Userland/Applications/Calendar/AddEventDialog.cpp
3,226,1.33%,Userland/Applications/ImageViewer/ViewWidget.cpp
1,549,0.18%,Userland/Applications/ThemeEditor/MainWidget.cpp
9,783,1.15%,Userland/Applications/TextEditor/MainWidget.cpp
6,144,4.17%,Userland/Applications/NetworkSettings/NetworkSettingsWidget.cpp
1,133,0.75%,Userland/Applications/Presenter/PresenterWidget.cpp
1,22,4.55%,Userland/Applications/Presenter/Slide.h
2,42,4.76%,Userland/Applications/Presenter/Slide.cpp
1,129,0.78%,Userland/Applications/Presenter/Presentation.cpp
4,127,3.15%,Userland/Applications/Presenter/SlideObject.cpp
2,100,2.00%,Userland/Applications/Presenter/SlideObject.h
3,353,0.85%,Userland/Applications/PDFViewer/PDFViewerWidget.cpp
1,33,3.03%,Userland/Applications/PDFViewer/SidebarWidget.cpp
2,85,2.35%,Userland/Applications/SoundPlayer/Playlist.cpp
7,195,3.59%,Userland/Applications/SoundPlayer/SoundPlayerWidgetAdvancedView.cpp
1,129,0.78%,Userland/Applications/SoundPlayer/main.cpp
1,58,1.72%,Userland/Applications/SoundPlayer/AlbumCoverVisualizationWidget.cpp
2,108,1.85%,Userland/Applications/SoundPlayer/PlaybackManager.cpp
6,78,7.69%,Userland/Applications/SoundPlayer/M3UParser.cpp
1,937,0.11%,Userland/Applications/FontEditor/MainWidget.cpp
1,208,0.48%,Userland/Applications/FileManager/PropertiesWindow.cpp
1,28,3.57%,Userland/Applications/FileManager/FileOperationProgressWidget.h
6,575,1.04%,Userland/Applications/FileManager/DirectoryView.cpp
2,1156,0.17%,Userland/Applications/FileManager/main.cpp
1,182,0.55%,Userland/Applications/FileManager/FileOperationProgressWidget.cpp
2,240,0.83%,Userland/Applications/KeyboardSettings/KeyboardSettingsWidget.cpp
3,150,2.00%,Userland/Applications/Run/RunWindow.cpp
1,381,0.26%,Userland/Applications/SpaceAnalyzer/main.cpp
1,50,2.00%,Userland/Applications/HexEditor/main.cpp
1,758,0.13%,Userland/Applications/HexEditor/HexEditor.cpp
11,501,2.20%,Userland/Applications/HexEditor/HexEditorWidget.cpp
1,187,0.53%,Userland/Applications/Assistant/Providers.cpp
3,488,0.61%,Userland/Applications/3DFileViewer/main.cpp
4,117,3.42%,Userland/Applications/MouseSettings/ThemeWidget.cpp
1,54,1.85%,Userland/Applications/MouseSettings/DoubleClickArrowWidget.cpp
4,258,1.55%,Userland/Applications/VideoPlayer/VideoPlayerWidget.cpp
2,260,0.77%,Userland/Applications/Spreadsheet/ExportDialog.cpp
1,160,0.62%,Userland/Applications/Spreadsheet/Cell.cpp
5,394,1.27%,Userland/Applications/Spreadsheet/CellTypeDialog.cpp
8,565,1.42%,Userland/Applications/Spreadsheet/SpreadsheetWidget.cpp
2,166,1.20%,Userland/Applications/Spreadsheet/HelpWindow.cpp
1,418,0.24%,Userland/Applications/Spreadsheet/SpreadsheetView.cpp
1,340,0.29%,Userland/Applications/Spreadsheet/JSIntegration.cpp
3,628,0.48%,Userland/Applications/Spreadsheet/Spreadsheet.cpp
1,71,1.41%,Userland/Applications/PixelPaint/Tools/BucketTool.cpp
1,175,0.57%,Userland/Applications/PixelPaint/Tools/BrushTool.cpp
1,168,0.60%,Userland/Applications/PixelPaint/Tools/MoveTool.cpp
1,133,0.75%,Userland/Applications/PixelPaint/Tools/EraseTool.cpp
2,167,1.20%,Userland/Applications/PixelPaint/Tools/GuideTool.cpp
2,146,1.37%,Userland/Applications/PixelPaint/Tools/CloneTool.cpp
1,43,2.33%,Userland/Applications/PixelPaint/Filters/Filter.cpp
1,16,6.25%,Userland/Applications/PixelPaint/Filters/GaussBlur3.h
3,47,6.38%,Userland/Applications/PixelPaint/Filters/Median.cpp
1,93,1.08%,Userland/Applications/PixelPaint/VectorscopeWidget.h
1,126,0.79%,Userland/Applications/PixelPaint/VectorscopeWidget.cpp
8,479,1.67%,Userland/Applications/PixelPaint/Image.cpp
1,90,1.11%,Userland/Applications/PixelPaint/ToolboxWidget.cpp
10,284,3.52%,Userland/Applications/PixelPaint/Layer.cpp
1,34,2.94%,Userland/Applications/PixelPaint/ProjectLoader.cpp
1,146,0.68%,Userland/Applications/PixelPaint/FilterParams.h
2,409,0.49%,Userland/Applications/PixelPaint/LayerListWidget.cpp
3,1073,0.28%,Userland/Applications/PixelPaint/MainWidget.cpp
1,124,0.81%,Userland/Applications/PixelPaint/LevelsDialog.cpp
1,292,0.34%,Userland/Applications/CrashReporter/main.cpp
4,135,2.96%,Userland/Applications/BrowserSettings/ContentFilterSettingsWidget.cpp
1,38,2.63%,Userland/Applications/Piano/ProcessorParameterWidget/ParameterWidget.cpp
2,54,3.70%,Userland/Applications/Piano/ProcessorParameterWidget/Slider.cpp
3,58,5.17%,Userland/Applications/Piano/SamplerWidget.cpp
2,51,3.92%,Userland/Applications/Piano/KnobsWidget.cpp
4,131,3.05%,Userland/Applications/Piano/AudioPlayerLoop.cpp
6,101,5.94%,Userland/Applications/Piano/PlayerWidget.cpp
2,210,0.95%,Userland/Applications/Piano/RollWidget.cpp
2,53,3.77%,Userland/Applications/Piano/WaveWidget.cpp
3,142,2.11%,Userland/Applications/Piano/MainWidget.cpp
2,67,2.99%,Userland/Applications/Piano/TrackManager.cpp
1,39,2.56%,Userland/Applications/ClockSettings/main.cpp
1,15,6.67%,Userland/Shell/Tests/builtin-redir.sh
1,45,2.22%,Userland/Shell/Tests/if.sh
1,34,2.94%,Userland/Shell/Tests/function.sh
1,31,3.23%,Userland/Shell/Tests/control-structure-as-command.sh
3,3113,0.10%,Userland/Shell/AST.cpp
1,379,0.26%,Userland/Shell/ImmediateFunctions.cpp
2,453,0.44%,Userland/Shell/Shell.h
3,491,0.61%,Userland/Shell/SyntaxHighlighter.cpp
3,1864,0.16%,Userland/Shell/Parser.cpp
1,1390,0.07%,Userland/Shell/Builtin.cpp
3,2073,0.14%,Userland/Shell/Shell.cpp
1,103,0.97%,Ladybird/WebContent/main.cpp
1,102,0.98%,Ladybird/WebDriver/main.cpp
1,38,2.63%,Ladybird/SettingsDialog.cpp
1,73,1.37%,Ladybird/main.cpp
1,153,0.65%,Ladybird/AndroidPlatform.cpp
4,123,3.25%,Ladybird/ConsoleWidget.cpp
3,161,1.86%,Ladybird/ConsoleClient.cpp
7,918,0.76%,Ladybird/WebContentView.cpp
1,84,1.19%,Ladybird/RequestManagerQt.cpp
1,202,0.50%,Ladybird/Tab.cpp
1,435,0.23%,Kernel/Library/LockRefPtr.h
8,188,4.26%,Kernel/Library/LockWeakPtr.h
3,92,3.26%,Kernel/Arch/x86_64/ISABus/HID/PS2KeyboardDevice.cpp
2,183,1.09%,Kernel/Arch/x86_64/ISABus/HID/PS2MouseDevice.cpp
1,47,2.13%,Kernel/Arch/x86_64/ISABus/HID/VMWareMouseDevice.cpp
3,309,0.97%,Kernel/Arch/x86_64/ISABus/I8042Controller.cpp
5,44,11.36%,Kernel/Arch/x86_64/ISABus/SerialDevice.cpp
1,81,1.23%,Kernel/Arch/x86_64/Time/RTC.cpp
3,383,0.78%,Kernel/Arch/x86_64/Time/HPET.cpp
3,139,2.16%,Kernel/Arch/x86_64/Time/APICTimer.cpp
2,206,0.97%,Kernel/Arch/x86_64/Hypervisor/VMWareBackdoor.cpp
1,138,0.72%,Kernel/Arch/x86_64/PCI/IDELegacyModeController.cpp
1,75,1.33%,Kernel/Arch/x86_64/PCI/Initializer.cpp
1,29,3.45%,Kernel/Arch/x86_64/PCI/IDELegacyModeController.h
3,511,0.59%,Kernel/Arch/x86_64/Interrupts/APIC.cpp
1,273,0.37%,Kernel/Arch/x86_64/Interrupts/IOAPIC.cpp
4,197,2.03%,Kernel/Arch/x86_64/InterruptManagement.cpp
2,317,0.63%,Kernel/Arch/x86_64/SafeMem.cpp
6,721,0.83%,Kernel/Arch/x86_64/Interrupts.cpp
1,145,0.69%,Kernel/Arch/x86_64/RegisterState.h
1,285,0.35%,Kernel/Arch/x86_64/init.cpp
2,310,0.65%,Kernel/Arch/x86_64/Processor.h
1,118,0.85%,Kernel/Arch/x86_64/PageDirectory.h
7,1481,0.47%,Kernel/Arch/x86_64/Processor.cpp
2,120,1.67%,Kernel/Arch/aarch64/RPi/UART.cpp
10,68,14.71%,Kernel/Arch/aarch64/RPi/Timer.h
1,120,0.83%,Kernel/Arch/aarch64/RPi/Timer.cpp
2,86,2.33%,Kernel/Arch/aarch64/RPi/Framebuffer.cpp
1,72,1.39%,Kernel/Arch/aarch64/Exceptions.cpp
1,82,1.22%,Kernel/Arch/aarch64/ASM_wrapper.h
3,47,6.38%,Kernel/Arch/aarch64/InterruptManagement.cpp
1,58,1.72%,Kernel/Arch/aarch64/kprintf.cpp
1,21,4.76%,Kernel/Arch/aarch64/Panic.cpp
2,168,1.19%,Kernel/Arch/aarch64/MMU.cpp
8,49,16.33%,Kernel/Arch/aarch64/SafeMem.cpp
4,116,3.45%,Kernel/Arch/aarch64/Interrupts.cpp
4,39,10.26%,Kernel/Arch/aarch64/RegisterState.h
3,62,4.84%,Kernel/Arch/aarch64/Dummy.cpp
2,219,0.91%,Kernel/Arch/aarch64/init.cpp
1,14,7.14%,Kernel/Arch/aarch64/CrashHandler.cpp
18,218,8.26%,Kernel/Arch/aarch64/Processor.h
5,31,16.13%,Kernel/Arch/aarch64/PageDirectory.cpp
16,122,13.11%,Kernel/Arch/aarch64/PageDirectory.h
11,304,3.62%,Kernel/Arch/aarch64/Processor.cpp
1,75,1.33%,Kernel/Arch/Processor.h
1,19,5.26%,Kernel/Arch/Processor.cpp
2,128,1.56%,Kernel/Heap/Heap.h
6,462,1.30%,Kernel/Heap/kmalloc.cpp
1,319,0.31%,Kernel/FileSystem/TmpFS/Inode.cpp
3,211,1.42%,Kernel/FileSystem/ISO9660FS/FileSystem.cpp
3,196,1.53%,Kernel/FileSystem/ISO9660FS/Inode.cpp
1,95,1.05%,Kernel/FileSystem/ISO9660FS/DirectoryIterator.cpp
1,37,2.70%,Kernel/FileSystem/FATFS/FileSystem.h
2,222,0.90%,Kernel/FileSystem/FATFS/Inode.cpp
3,135,2.22%,Kernel/FileSystem/Plan9FS/Message.cpp
5,287,1.74%,Kernel/FileSystem/Plan9FS/FileSystem.cpp
18,232,7.76%,Kernel/FileSystem/Plan9FS/Inode.cpp
1,158,0.63%,Kernel/FileSystem/Plan9FS/Message.h
1,202,0.50%,Kernel/FileSystem/ProcFS/ProcessPropertyInode.cpp
1,22,4.55%,Kernel/FileSystem/SysFS/Subsystems/DeviceIdentifiers/DeviceComponent.cpp
1,39,2.56%,Kernel/FileSystem/SysFS/Subsystems/Devices/Graphics/DisplayConnector/DeviceDirectory.cpp
1,37,2.70%,Kernel/FileSystem/SysFS/Subsystems/Devices/Storage/DeviceDirectory.cpp
2,100,2.00%,Kernel/FileSystem/SysFS/Subsystems/Firmware/BIOS/Directory.cpp
1,42,2.38%,Kernel/FileSystem/SysFS/Subsystems/Bus/PCI/DeviceDirectory.cpp
2,78,2.56%,Kernel/FileSystem/SysFS/Subsystems/Kernel/CPUInfo.cpp
1,47,2.13%,Kernel/FileSystem/SysFS/Subsystems/Kernel/Interrupts.cpp
1,143,0.70%,Kernel/FileSystem/SysFS/Subsystems/Kernel/Processes.cpp
4,554,0.72%,Kernel/FileSystem/Ext2FS/FileSystem.cpp
5,840,0.60%,Kernel/FileSystem/Ext2FS/Inode.cpp
4,886,0.45%,Kernel/FileSystem/VirtualFileSystem.cpp
1,133,0.75%,Kernel/FileSystem/InodeWatcher.cpp
4,460,0.87%,Kernel/FileSystem/OpenFileDescription.cpp
1,91,1.10%,Kernel/FileSystem/VirtualFileSystem.h
4,334,1.20%,Kernel/FileSystem/Inode.cpp
1,117,0.85%,Kernel/FileSystem/InodeMetadata.h
1,98,1.02%,Kernel/FileSystem/File.h
1,25,4.00%,Kernel/API/POSIX/net/route.h
1,78,1.28%,Kernel/API/POSIX/signal.h
1,570,0.18%,Kernel/API/Syscall.h
1,97,1.03%,Kernel/API/Graphics.h
1,58,1.72%,Kernel/Graphics/Bochs/GraphicsAdapter.cpp
3,111,2.70%,Kernel/Graphics/VMWare/DisplayConnector.cpp
1,83,1.20%,Kernel/Graphics/VirtIOGPU/Console.cpp
1,223,0.45%,Kernel/Graphics/VirtIOGPU/DisplayConnector.cpp
3,450,0.67%,Kernel/Graphics/VirtIOGPU/GraphicsAdapter.cpp
4,121,3.31%,Kernel/Graphics/VirtIOGPU/GPU3DDevice.cpp
1,32,3.12%,Kernel/Graphics/Console/ContiguousFramebufferConsole.cpp
3,345,0.87%,Kernel/Graphics/Console/GenericFramebufferConsole.cpp
3,125,2.40%,Kernel/Graphics/Intel/NativeDisplayConnector.h
8,609,1.31%,Kernel/Graphics/Intel/NativeDisplayConnector.cpp
1,223,0.45%,Kernel/Graphics/GraphicsManagement.cpp
2,406,0.49%,Kernel/Graphics/DisplayConnector.cpp
3,24,12.50%,Kernel/Memory/ScatterGatherList.cpp
3,127,2.36%,Kernel/Memory/RegionTree.cpp
6,332,1.81%,Kernel/Memory/AddressSpace.cpp
3,462,0.65%,Kernel/Memory/Region.cpp
2,30,6.67%,Kernel/Memory/ScopedAddressSpaceSwitcher.cpp
1,113,0.88%,Kernel/Memory/PhysicalRegion.cpp
4,994,0.40%,Kernel/Memory/MemoryManager.cpp
7,90,7.78%,Kernel/Time/TimeManagement.h
8,429,1.86%,Kernel/Time/TimeManagement.cpp
6,744,0.81%,Kernel/Storage/ATA/AHCI/Port.cpp
4,188,2.13%,Kernel/Storage/ATA/AHCI/Controller.cpp
1,367,0.27%,Kernel/Storage/ATA/AHCI/Definitions.h
1,47,2.13%,Kernel/Storage/ATA/AHCI/Controller.h
4,87,4.60%,Kernel/Storage/ATA/GenericIDE/Controller.cpp
2,110,1.82%,Kernel/Storage/ATA/GenericIDE/Channel.h
5,284,1.76%,Kernel/Storage/ATA/GenericIDE/Channel.cpp
1,444,0.23%,Kernel/Storage/ATA/ATAPort.cpp
1,27,3.70%,Kernel/Storage/ATA/ATADiskDevice.cpp
1,29,3.45%,Kernel/Storage/ATA/ATADevice.h
1,34,2.94%,Kernel/Storage/NVMe/NVMeNameSpace.cpp
1,185,0.54%,Kernel/Storage/NVMe/NVMeDefinitions.h
2,144,1.39%,Kernel/Storage/NVMe/NVMeQueue.cpp
2,277,0.72%,Kernel/Storage/NVMe/NVMeController.cpp
2,67,2.99%,Kernel/Storage/DiskPartition.cpp
1,391,0.26%,Kernel/Storage/StorageManagement.cpp
7,700,1.00%,Kernel/Syscalls/execve.cpp
1,100,1.00%,Kernel/Syscalls/write.cpp
2,172,1.16%,Kernel/Syscalls/thread.cpp
1,133,0.75%,Kernel/Syscalls/profiling.cpp
1,27,3.70%,Kernel/Syscalls/exit.cpp
2,119,1.68%,Kernel/Syscalls/kill.cpp
1,230,0.43%,Kernel/Syscalls/ptrace.cpp
3,50,6.00%,Kernel/Syscalls/statvfs.cpp
2,100,2.00%,Kernel/Syscalls/setpgid.cpp
1,104,0.96%,Kernel/Syscalls/read.cpp
5,260,1.92%,Kernel/Syscalls/sigaction.cpp
1,114,0.88%,Kernel/Syscalls/clock.cpp
2,40,5.00%,Kernel/Syscalls/fallocate.cpp
1,129,0.78%,Kernel/Syscalls/unveil.cpp
3,334,0.90%,Kernel/Syscalls/socket.cpp
6,489,1.23%,Kernel/Syscalls/mmap.cpp
1,110,0.91%,Kernel/TTY/VirtualConsole.h
1,73,1.37%,Kernel/TTY/TTY.h
1,79,1.27%,Kernel/TTY/ConsoleManagement.cpp
12,507,2.37%,Kernel/TTY/TTY.cpp
5,405,1.23%,Kernel/TTY/VirtualConsole.cpp
4,388,1.03%,Kernel/Net/NE2000/NetworkAdapter.cpp
1,396,0.25%,Kernel/Net/Intel/E1000NetworkAdapter.cpp
1,235,0.43%,Kernel/Net/Intel/E1000ENetworkAdapter.cpp
3,297,1.01%,Kernel/Net/Realtek/RTL8139NetworkAdapter.cpp
1,177,0.56%,Kernel/Net/Realtek/RTL8168NetworkAdapter.h
63,1386,4.55%,Kernel/Net/Realtek/RTL8168NetworkAdapter.cpp
5,699,0.72%,Kernel/Net/IPv4Socket.cpp
1,136,0.74%,Kernel/Net/NetworkAdapter.cpp
1,93,1.08%,Kernel/Net/NetworkAdapter.h
3,192,1.56%,Kernel/Net/TCPSocket.h
3,279,1.08%,Kernel/Net/Routing.cpp
6,587,1.02%,Kernel/Net/NetworkTask.cpp
2,446,0.45%,Kernel/Net/LocalSocket.cpp
4,544,0.74%,Kernel/Net/TCPSocket.cpp
1,132,0.76%,Kernel/Net/UDPSocket.cpp
5,272,1.84%,Kernel/Net/Socket.cpp
6,134,4.48%,Kernel/Locking/Mutex.h
3,61,4.92%,Kernel/Devices/Audio/Channel.cpp
1,70,1.43%,Kernel/Devices/Audio/Management.cpp
3,152,1.97%,Kernel/Devices/HID/HIDManagement.cpp
2,313,0.64%,Kernel/Devices/HID/KeyboardDevice.cpp
1,34,2.94%,Kernel/Devices/NullDevice.cpp
1,53,1.89%,Kernel/Devices/SelfTTYDevice.cpp
2,73,2.74%,Kernel/Devices/Device.h
1,66,1.52%,Kernel/Devices/DeviceManagement.h
4,43,9.30%,Kernel/Devices/PCISerialDevice.cpp
1,52,1.92%,Kernel/Devices/ConsoleDevice.cpp
1,35,2.86%,Kernel/Devices/ZeroDevice.cpp
2,37,5.41%,Kernel/Devices/RandomDevice.cpp
1,40,2.50%,Kernel/Devices/DeviceControlDevice.cpp
1,75,1.33%,Kernel/Devices/BlockDevice.h
1,38,2.63%,Kernel/Devices/FullDevice.cpp
1,24,4.17%,Kernel/Devices/CharacterDevice.h
1,47,2.13%,Kernel/Devices/MemoryDevice.cpp
2,102,1.96%,Kernel/Devices/BlockDevice.cpp
1,111,0.90%,Kernel/Devices/KCOVDevice.cpp
2,38,5.26%,Kernel/Devices/CharacterDevice.cpp
26,440,5.91%,Kernel/Firmware/ACPI/Parser.cpp
3,150,2.00%,Kernel/Firmware/MultiProcessor/Parser.cpp
7,206,3.40%,Kernel/Bus/USB/UHCI/UHCIRootHub.cpp
5,591,0.85%,Kernel/Bus/USB/UHCI/UHCIController.cpp
2,298,0.67%,Kernel/Bus/USB/UHCI/UHCIDescriptorTypes.h
1,44,2.27%,Kernel/Bus/USB/USBTransfer.h
6,211,2.84%,Kernel/Bus/USB/USBHub.cpp
2,113,1.77%,Kernel/Bus/USB/USBDevice.cpp
2,54,3.70%,Kernel/Bus/USB/USBConfiguration.cpp
2,104,1.92%,Kernel/Bus/USB/USBPipe.h
1,35,2.86%,Kernel/Bus/USB/USBEndpoint.h
1,126,0.79%,Kernel/Bus/USB/USBPipe.cpp
1,12,8.33%,Kernel/Bus/USB/USBController.cpp
1,84,1.19%,Kernel/Bus/PCI/Controller/MemoryBackedHostBridge.cpp
1,71,1.41%,Kernel/Bus/PCI/Controller/VolumeManagementDevice.cpp
2,114,1.75%,Kernel/Bus/PCI/Controller/HostController.cpp
4,50,8.00%,Kernel/Bus/PCI/Device.cpp
3,212,1.42%,Kernel/Bus/VirtIO/Console.cpp
1,157,0.64%,Kernel/Bus/VirtIO/Queue.cpp
6,377,1.59%,Kernel/Bus/VirtIO/Device.cpp
1,138,0.72%,Kernel/Bus/VirtIO/ConsolePort.cpp
1,68,1.47%,Kernel/Bus/VirtIO/RNG.cpp
1,98,1.02%,Kernel/Interrupts/SpuriousInterruptHandler.cpp
3,1090,0.28%,Kernel/Thread.h
2,155,1.29%,Kernel/PerformanceManager.h
1,76,1.32%,Kernel/KLexicalPath.cpp
2,204,0.98%,Kernel/ProcessExposed.cpp
1,851,0.12%,Kernel/Process.h
2,133,1.50%,Kernel/MiniStdLib.cpp
1,417,0.24%,Kernel/Scheduler.cpp
1,674,0.15%,Kernel/ThreadBlockers.cpp
1,37,2.70%,Kernel/ThreadTracer.h
1,57,1.75%,Kernel/KBufferBuilder.h
3,159,1.89%,Kernel/Random.h
1,51,1.96%,Kernel/WorkQueue.cpp
4,24,16.67%,Kernel/Assertions.h
7,1133,0.62%,Kernel/Thread.cpp
1,204,0.49%,Kernel/IOWindow.cpp
7,874,0.80%,Kernel/Process.cpp
2,56,3.57%,Kernel/WorkQueue.h
2,306,0.65%,Kernel/ProcessSpecificExposed.cpp
1,170,0.59%,Kernel/TimerQueue.cpp
1,139,0.72%,Kernel/Random.cpp
1,343,0.29%,Kernel/PerformanceEventBuffer.cpp
